Frame,Tiempo(s),NumVehiculos,Flujo(veh/min),Velocidad(km/h),LongitudCola(m),Emergencia,ICV
0,0.00,3,18.00,51.00,46.45,No,0.235
2,0.07,3,18.00,53.66,46.47,No,0.268
4,0.13,1,6.00,58.64,0.00,No,0.106
6,0.20,2,12.00,46.36,47.12,No,0.261
8,0.27,2,12.00,58.84,46.94,No,0.134
10,0.33,3,18.00,42.45,46.91,No,0.132
12,0.40,3,18.00,57.24,46.27,No,0.206
14,0.47,3,18.00,43.10,45.90,No,0.226
16,0.53,2,12.00,56.42,45.97,No,0.268
18,0.60,3,18.00,57.55,46.16,No,0.160
20,0.67,3,18.00,50.16,46.25,No,0.202
22,0.73,2,12.00,58.35,46.34,No,0.216
24,0.80,3,18.00,58.71,46.83,No,0.168
26,0.87,3,18.00,55.52,46.45,No,0.116
28,0.93,3,18.00,42.57,46.55,No,0.153
30,1.00,3,18.00,45.77,45.44,No,0.145
32,1.07,2,12.00,45.39,45.92,No,0.112
34,1.13,3,18.00,58.37,45.58,No,0.113
36,1.20,2,12.00,58.74,45.05,No,0.288
38,1.27,3,18.00,58.73,45.37,No,0.288
40,1.33,2,12.00,57.15,45.84,No,0.254
42,1.40,2,12.00,47.10,46.10,No,0.206
44,1.47,2,12.00,41.87,45.57,No,0.152
46,1.53,2,12.00,52.04,46.09,No,0.200
48,1.60,3,18.00,54.03,46.11,No,0.201
50,1.67,2,12.00,48.48,45.58,No,0.179
52,1.73,2,12.00,41.23,46.34,No,0.143
54,1.80,2,12.00,48.59,46.22,No,0.299
56,1.87,3,18.00,56.50,45.47,No,0.152
58,1.93,2,12.00,44.96,46.81,No,0.210
60,2.00,2,12.00,41.34,47.00,No,0.229
62,2.07,3,18.00,56.63,46.03,No,0.121
64,2.13,3,18.00,53.01,46.69,No,0.126
66,2.20,3,18.00,59.31,46.49,No,0.260
68,2.27,2,12.00,57.43,46.54,No,0.130
70,2.33,2,12.00,51.64,46.36,No,0.294
72,2.40,2,12.00,52.77,46.30,No,0.263
74,2.47,3,18.00,46.81,46.73,No,0.152
76,2.53,2,12.00,46.91,45.84,Sí,0.162
78,2.60,3,18.00,40.94,46.36,No,0.264
80,2.67,2,12.00,46.98,46.16,No,0.288
82,2.73,2,12.00,41.24,46.51,No,0.240
84,2.80,3,18.00,42.27,46.53,Sí,0.130
86,2.87,3,18.00,44.96,46.47,No,0.292
88,2.93,2,12.00,44.62,45.91,No,0.118
90,3.00,2,12.00,58.09,46.63,No,0.202
92,3.07,2,12.00,47.87,46.16,No,0.132
94,3.13,2,12.00,50.48,46.11,No,0.296
96,3.20,2,12.00,57.41,47.35,No,0.155
98,3.27,3,18.00,59.71,47.18,No,0.157
100,3.33,2,12.00,58.38,46.36,No,0.283
102,3.40,3,18.00,41.48,46.56,No,0.203
104,3.47,3,18.00,54.04,47.03,No,0.159
106,3.53,3,18.00,44.47,47.08,No,0.260
108,3.60,4,24.00,44.73,47.03,No,0.273
110,3.67,4,24.00,45.90,46.14,No,0.256
112,3.73,4,24.00,50.20,46.65,No,0.233
114,3.80,4,24.00,53.95,46.07,No,0.203
116,3.87,4,24.00,59.54,45.69,No,0.216
118,3.93,4,24.00,47.90,47.66,No,0.252
120,4.00,5,30.00,39.70,47.75,No,0.546
122,4.07,3,18.00,45.21,47.22,No,0.211
124,4.13,3,18.00,40.46,47.82,No,0.152
126,4.20,4,24.00,42.99,47.80,Sí,0.125
128,4.27,4,24.00,55.98,48.20,No,0.216
130,4.33,3,18.00,52.67,48.12,No,0.296
132,4.40,3,18.00,58.61,47.69,No,0.210
134,4.47,3,18.00,49.39,47.42,Sí,0.282
136,4.53,4,24.00,44.87,48.27,No,0.263
138,4.60,3,18.00,57.75,48.20,No,0.186
140,4.67,3,18.00,45.47,48.25,Sí,0.262
142,4.73,2,12.00,49.08,48.05,No,0.250
144,4.80,2,12.00,52.19,47.99,No,0.236
146,4.87,3,18.00,59.63,48.07,Sí,0.218
148,4.93,4,24.00,52.27,47.82,No,0.289
150,5.00,3,18.00,44.76,47.70,No,0.207
152,5.07,4,24.00,48.70,48.10,No,0.297
154,5.13,3,18.00,57.55,47.40,No,0.136
156,5.20,3,18.00,52.28,46.77,No,0.156
158,5.27,3,18.00,40.17,46.95,No,0.149
160,5.33,4,24.00,49.54,45.83,No,0.183
162,5.40,3,18.00,41.24,45.04,No,0.211
164,5.47,3,18.00,50.11,44.87,No,0.239
166,5.53,3,18.00,45.45,43.67,No,0.155
168,5.60,3,18.00,57.05,43.37,No,0.246
170,5.67,3,18.00,58.37,42.87,No,0.216
172,5.73,2,12.00,50.13,44.00,No,0.158
174,5.80,3,18.00,45.22,43.91,No,0.211
176,5.87,2,12.00,53.23,43.58,No,0.162
178,5.93,0,0.00,46.81,0.00,No,0.191
180,6.00,1,6.00,55.97,0.00,No,0.107
182,6.07,0,0.00,44.75,0.00,No,0.116
184,6.13,1,6.00,50.70,0.00,Sí,0.277
186,6.20,3,18.00,54.50,44.46,No,0.279
188,6.27,2,12.00,44.90,44.93,No,0.217
190,6.33,2,12.00,40.50,0.02,No,0.230
192,6.40,2,12.00,47.97,43.56,No,0.282
194,6.47,2,12.00,53.34,43.47,No,0.184
196,6.53,1,6.00,56.21,0.00,Sí,0.280
198,6.60,2,12.00,52.00,44.22,No,0.164
200,6.67,2,12.00,45.88,43.84,No,0.280
202,6.73,2,12.00,54.41,43.49,No,0.296
204,6.80,2,12.00,42.95,43.76,Sí,0.206
206,6.87,2,12.00,46.04,44.10,No,0.109
208,6.93,4,24.00,58.86,43.95,No,0.190
210,7.00,3,18.00,40.73,43.35,No,0.267
212,7.07,3,18.00,44.11,43.37,No,0.111
214,7.13,2,12.00,55.46,43.39,No,0.147
216,7.20,2,12.00,45.61,43.64,No,0.119
218,7.27,4,24.00,47.13,42.81,No,0.163
220,7.33,2,12.00,58.32,43.06,No,0.247
222,7.40,3,18.00,56.16,43.63,No,0.209
224,7.47,3,18.00,51.81,43.16,Sí,0.149
226,7.53,3,18.00,54.70,42.95,No,0.171
228,7.60,3,18.00,49.71,43.15,No,0.212
230,7.67,3,18.00,56.68,43.37,No,0.197
232,7.73,4,24.00,45.05,43.29,No,0.291
234,7.80,2,12.00,44.74,43.37,No,0.203
236,7.86,3,18.00,50.45,43.35,No,0.191
238,7.93,3,18.00,41.80,43.53,No,0.280
240,8.00,3,18.00,45.28,43.61,No,0.120
242,8.06,3,18.00,40.51,44.06,No,0.290
244,8.13,3,18.00,59.21,43.63,No,0.159
246,8.20,3,18.00,45.61,43.53,No,0.221
248,8.26,2,12.00,50.98,43.71,No,0.233
250,8.33,2,12.00,40.48,43.78,No,0.187
252,8.40,2,12.00,43.24,43.80,Sí,0.271
254,8.46,2,12.00,58.29,44.30,No,0.210
256,8.53,3,18.00,55.17,43.44,No,0.280
258,8.60,2,12.00,50.68,43.63,No,0.176
260,8.66,3,18.00,56.57,43.23,No,0.118
262,8.73,3,18.00,56.74,43.59,No,0.167
264,8.80,2,12.00,50.21,43.32,No,0.224
266,8.86,2,12.00,49.82,43.60,No,0.275
268,8.93,3,18.00,41.19,43.61,No,0.193
270,9.00,2,12.00,48.85,43.60,No,0.190
272,9.06,3,18.00,48.30,43.85,Sí,0.221
274,9.13,2,12.00,53.99,43.75,No,0.287
276,9.20,2,12.00,54.83,43.69,No,0.268
278,9.26,4,24.00,41.37,43.86,No,0.213
280,9.33,4,24.00,46.16,43.78,No,0.126
282,9.40,3,18.00,51.07,44.18,No,0.197
284,9.46,3,18.00,53.03,43.67,No,0.299
286,9.53,3,18.00,58.48,44.28,No,0.295
288,9.60,3,18.00,42.18,44.46,No,0.265
290,9.66,4,24.00,41.58,43.99,No,0.296
292,9.73,3,18.00,57.02,44.09,No,0.227
294,9.80,3,18.00,55.49,44.27,No,0.181
296,9.86,3,18.00,53.18,43.91,No,0.119
298,9.93,2,12.00,45.67,44.00,Sí,0.187
300,10.00,2,12.00,46.00,43.70,No,0.215
302,10.06,3,18.00,56.70,43.57,No,0.152
304,10.13,3,18.00,50.00,43.36,No,0.251
306,10.20,3,18.00,57.21,45.18,No,0.137
308,10.26,3,18.00,53.72,44.71,No,0.122
310,10.33,4,24.00,42.08,44.42,No,0.106
312,10.40,4,24.00,52.85,44.36,No,0.188
314,10.46,4,24.00,45.79,44.31,No,0.213
316,10.53,4,24.00,58.11,44.55,No,0.238
318,10.60,4,24.00,52.07,44.31,No,0.250
320,10.66,3,18.00,42.79,44.49,No,0.265
322,10.73,3,18.00,54.47,44.84,No,0.239
324,10.80,4,24.00,57.75,45.00,No,0.263
326,10.86,2,12.00,44.94,44.58,No,0.237
328,10.93,4,24.00,42.81,45.23,No,0.110
330,11.00,3,18.00,56.39,45.40,No,0.231
332,11.06,3,18.00,51.40,45.67,No,0.141
334,11.13,4,24.00,46.96,45.49,No,0.217
336,11.20,3,18.00,49.47,44.93,No,0.220
338,11.26,4,24.00,43.54,44.84,No,0.185
340,11.33,3,18.00,51.28,45.36,No,0.274
342,11.40,3,18.00,45.03,44.91,No,0.165
344,11.46,3,18.00,47.19,44.46,No,0.167
346,11.53,4,24.00,52.75,43.77,No,0.295
348,11.60,3,18.00,49.67,43.65,No,0.202
350,11.66,3,18.00,55.26,43.85,No,0.259
352,11.73,4,24.00,57.55,43.73,No,0.135
354,11.80,3,18.00,43.14,44.11,No,0.134
356,11.86,3,18.00,41.45,44.79,No,0.279
358,11.93,3,18.00,58.19,44.70,No,0.161
360,12.00,4,24.00,43.66,44.67,No,0.297
362,12.06,3,18.00,54.55,43.74,No,0.224
364,12.13,3,18.00,49.92,43.45,No,0.179
366,12.20,3,18.00,49.38,43.79,No,0.203
368,12.26,3,18.00,52.41,43.96,No,0.226
370,12.33,3,18.00,58.19,43.72,No,0.292
372,12.40,3,18.00,47.45,43.82,Sí,0.270
374,12.46,3,18.00,48.89,44.68,No,0.202
376,12.53,4,24.00,42.29,44.46,No,0.273
378,12.60,4,24.00,57.68,44.70,No,0.220
380,12.66,3,18.00,41.83,44.52,No,0.250
382,12.73,3,18.00,48.47,44.05,No,0.246
384,12.80,3,18.00,56.91,44.47,No,0.190
386,12.86,3,18.00,41.45,44.47,No,0.289
388,12.93,2,12.00,44.00,44.01,No,0.205
390,13.00,3,18.00,41.06,44.48,No,0.256
392,13.06,5,30.00,33.86,44.22,No,0.305
394,13.13,4,24.00,55.24,43.72,No,0.275
396,13.20,4,24.00,59.80,43.74,No,0.146
398,13.26,3,18.00,49.14,44.16,No,0.200
400,13.33,3,18.00,41.33,43.48,No,0.125
402,13.40,3,18.00,46.87,43.51,No,0.206
404,13.46,3,18.00,45.03,43.90,No,0.150
406,13.53,4,24.00,59.95,43.81,No,0.161
408,13.60,2,12.00,43.06,43.73,No,0.194
410,13.66,3,18.00,50.09,43.71,No,0.165
412,13.73,4,24.00,45.28,43.37,No,0.174
414,13.80,4,24.00,55.40,43.26,No,0.104
416,13.86,4,24.00,40.71,43.45,No,0.233
418,13.93,3,18.00,43.80,43.97,No,0.266
420,14.00,3,18.00,53.48,43.65,No,0.180
422,14.06,3,18.00,49.55,43.88,No,0.154
424,14.13,4,24.00,45.53,43.66,No,0.128
426,14.20,3,18.00,53.98,44.07,No,0.239
428,14.26,2,12.00,53.92,44.27,No,0.224
430,14.33,3,18.00,42.56,43.74,No,0.259
432,14.40,3,18.00,57.02,43.61,No,0.111
434,14.46,3,18.00,58.31,43.63,No,0.268
436,14.53,3,18.00,55.77,43.69,No,0.144
438,14.60,3,18.00,48.50,44.21,No,0.235
440,14.66,3,18.00,47.87,44.59,Sí,0.230
442,14.73,4,24.00,47.95,44.95,Sí,0.202
444,14.80,4,24.00,46.18,44.47,No,0.222
446,14.86,3,18.00,57.23,43.37,No,0.128
448,14.93,3,18.00,56.57,43.46,No,0.267
450,15.00,4,24.00,56.54,44.26,No,0.160
452,15.06,4,24.00,43.51,44.97,Sí,0.280
454,15.13,3,18.00,55.14,45.12,No,0.252
456,15.20,4,24.00,46.23,44.91,No,0.289
458,15.26,3,18.00,44.00,44.48,No,0.235
460,15.33,3,18.00,50.60,44.48,No,0.177
462,15.40,3,18.00,43.98,45.03,No,0.297
464,15.46,2,12.00,57.43,44.86,No,0.112
466,15.53,3,18.00,48.08,44.73,No,0.200
468,15.60,3,18.00,51.01,44.50,No,0.299
470,15.66,2,12.00,48.13,44.71,No,0.282
472,15.73,4,24.00,51.43,44.96,No,0.110
474,15.80,3,18.00,54.57,45.62,No,0.203
476,15.86,3,18.00,50.60,45.82,No,0.295
478,15.93,3,18.00,46.55,45.62,No,0.267
480,16.00,3,18.00,41.42,45.54,No,0.181
482,16.06,3,18.00,46.67,44.87,No,0.296
484,16.13,4,24.00,44.89,45.49,No,0.279
486,16.20,3,18.00,42.56,45.89,No,0.299
488,16.26,3,18.00,49.02,45.17,No,0.103
490,16.33,4,24.00,45.35,45.87,No,0.287
492,16.40,3,18.00,47.86,45.62,No,0.234
494,16.46,3,18.00,46.08,45.45,No,0.170
496,16.53,3,18.00,40.91,45.68,No,0.160
498,16.60,4,24.00,47.42,44.86,Sí,0.128
500,16.66,4,24.00,42.34,44.92,No,0.152
502,16.73,3,18.00,52.71,45.06,Sí,0.289
504,16.80,2,12.00,54.72,0.05,No,0.210
506,16.86,3,18.00,41.68,45.50,No,0.144
508,16.93,3,18.00,45.29,44.96,No,0.158
510,17.00,4,24.00,41.22,45.33,No,0.186
512,17.06,4,24.00,42.09,45.75,No,0.241
514,17.13,3,18.00,48.95,45.59,No,0.191
516,17.20,4,24.00,45.24,45.61,No,0.183
518,17.26,3,18.00,42.29,45.17,No,0.141
520,17.33,3,18.00,57.00,45.12,No,0.232
522,17.40,3,18.00,42.92,45.69,No,0.172
524,17.46,3,18.00,55.10,45.57,No,0.272
526,17.53,4,24.00,55.39,45.11,No,0.238
528,17.60,4,24.00,49.77,45.32,No,0.136
530,17.66,4,24.00,52.29,45.88,No,0.134
532,17.73,3,18.00,51.21,45.86,No,0.175
534,17.80,2,12.00,44.78,45.95,No,0.300
536,17.86,3,18.00,56.57,45.58,No,0.221
538,17.93,3,18.00,58.14,45.75,No,0.295
540,18.00,4,24.00,47.04,46.38,No,0.274
542,18.06,3,18.00,57.63,46.36,No,0.182
544,18.13,3,18.00,48.01,46.22,No,0.116
546,18.20,4,24.00,57.85,45.41,No,0.241
548,18.26,2,12.00,48.57,45.06,No,0.216
550,18.33,3,18.00,41.07,45.59,No,0.263
552,18.40,3,18.00,59.56,46.23,No,0.254
554,18.46,3,18.00,44.31,45.23,Sí,0.151
556,18.53,3,18.00,44.58,45.36,No,0.103
558,18.60,3,18.00,59.65,44.86,No,0.170
560,18.66,3,18.00,54.66,45.42,No,0.297
562,18.73,3,18.00,41.12,44.74,No,0.224
564,18.80,3,18.00,53.39,45.00,No,0.163
566,18.86,4,24.00,45.66,46.09,No,0.204
568,18.93,3,18.00,53.22,45.40,No,0.183
570,19.00,3,18.00,40.94,45.32,No,0.139
572,19.06,3,18.00,53.02,45.01,No,0.154
574,19.13,3,18.00,51.29,45.81,No,0.239
576,19.20,4,24.00,51.16,45.77,No,0.253
578,19.26,2,12.00,40.40,0.03,No,0.203
580,19.33,3,18.00,43.33,45.80,No,0.186
582,19.40,3,18.00,52.91,46.07,No,0.110
584,19.46,2,12.00,55.60,0.02,No,0.210
586,19.53,3,18.00,56.56,45.23,No,0.165
588,19.60,3,18.00,55.15,45.80,No,0.197
590,19.66,2,12.00,42.35,46.16,No,0.229
592,19.73,3,18.00,55.97,45.51,No,0.182
594,19.80,3,18.00,45.92,45.44,No,0.113
596,19.86,3,18.00,47.99,45.32,No,0.140
598,19.93,3,18.00,40.68,46.10,No,0.155
600,20.00,3,18.00,51.53,46.29,No,0.297
602,20.06,3,18.00,44.33,46.21,No,0.147
604,20.13,3,18.00,58.19,45.31,No,0.161
606,20.20,2,12.00,52.44,45.32,No,0.131
608,20.26,2,12.00,59.56,45.71,No,0.220
610,20.33,2,12.00,46.20,45.17,No,0.159
612,20.40,3,18.00,41.59,45.61,No,0.246
614,20.46,3,18.00,54.84,45.66,No,0.266
616,20.53,3,18.00,51.55,45.95,No,0.242
618,20.60,4,24.00,45.10,46.13,No,0.196
620,20.66,3,18.00,55.67,45.13,No,0.289
622,20.73,3,18.00,41.64,45.44,No,0.149
624,20.80,2,12.00,52.92,45.85,No,0.218
626,20.86,3,18.00,45.79,46.14,No,0.127
628,20.93,3,18.00,41.74,46.22,No,0.263
630,21.00,3,18.00,53.88,46.36,No,0.145
632,21.06,3,18.00,44.65,46.24,No,0.286
634,21.13,2,12.00,47.61,45.74,No,0.153
636,21.20,3,18.00,45.59,45.75,No,0.103
638,21.26,3,18.00,55.54,45.34,No,0.215
640,21.33,3,18.00,55.05,45.29,No,0.242
642,21.40,3,18.00,50.71,46.22,No,0.117
644,21.46,2,12.00,40.64,45.64,No,0.284
646,21.53,3,18.00,46.81,45.09,No,0.163
648,21.60,4,24.00,44.03,45.59,No,0.245
650,21.66,2,12.00,55.44,45.58,No,0.246
652,21.73,2,12.00,58.01,44.98,No,0.213
654,21.80,2,12.00,58.47,45.77,No,0.151
656,21.86,2,12.00,57.01,45.46,No,0.276
658,21.93,2,12.00,42.85,45.11,No,0.249
660,22.00,2,12.00,41.09,45.82,No,0.299
662,22.06,3,18.00,42.74,45.30,No,0.298
664,22.13,2,12.00,40.29,45.80,No,0.196
666,22.20,3,18.00,58.73,46.47,No,0.168
668,22.26,3,18.00,59.67,45.91,No,0.139
670,22.33,3,18.00,51.01,45.24,No,0.161
672,22.40,3,18.00,43.76,45.71,No,0.224
674,22.46,3,18.00,40.92,45.95,No,0.235
676,22.53,3,18.00,53.75,45.44,Sí,0.271
678,22.60,3,18.00,44.58,45.05,No,0.215
680,22.66,3,18.00,53.27,45.47,No,0.252
682,22.73,2,12.00,49.62,45.38,No,0.108
684,22.80,3,18.00,48.78,45.29,No,0.195
686,22.86,2,12.00,46.09,45.11,No,0.126
688,22.93,3,18.00,41.90,44.93,No,0.157
690,23.00,3,18.00,54.50,45.19,No,0.263
692,23.06,2,12.00,58.39,45.12,No,0.156
694,23.13,3,18.00,44.22,45.25,No,0.163
696,23.19,3,18.00,57.75,44.93,No,0.272
698,23.26,3,18.00,55.02,45.23,No,0.268
700,23.33,2,12.00,53.88,44.70,No,0.165
702,23.39,1,6.00,50.31,0.00,No,0.156
704,23.46,3,18.00,54.15,44.98,No,0.153
706,23.53,3,18.00,43.69,44.85,No,0.170
708,23.59,2,12.00,51.18,44.53,No,0.163
710,23.66,2,12.00,54.49,45.42,No,0.207
712,23.73,2,12.00,46.92,45.14,No,0.118
714,23.79,2,12.00,57.41,46.01,Sí,0.201
716,23.86,2,12.00,42.55,45.35,No,0.213
718,23.93,3,18.00,47.05,45.49,No,0.125
720,23.99,3,18.00,57.92,44.94,No,0.242
722,24.06,2,12.00,46.50,45.46,No,0.176
724,24.13,2,12.00,59.54,45.58,No,0.138
726,24.19,2,12.00,42.64,44.65,No,0.116
728,24.26,2,12.00,43.39,45.19,No,0.192
730,24.33,2,12.00,44.48,44.70,No,0.165
732,24.39,2,12.00,43.11,44.66,No,0.282
734,24.46,3,18.00,49.81,44.98,No,0.133
736,24.53,3,18.00,54.28,44.84,No,0.283
738,24.59,2,12.00,44.74,45.38,No,0.252
740,24.66,3,18.00,57.61,45.59,No,0.138
742,24.73,2,12.00,50.02,45.39,No,0.187
744,24.79,2,12.00,52.59,45.40,No,0.280
746,24.86,3,18.00,53.27,45.65,No,0.177
748,24.93,2,12.00,54.38,45.56,No,0.297
750,24.99,2,12.00,52.02,45.93,No,0.158
752,25.06,4,24.00,44.56,45.43,No,0.229
754,25.13,3,18.00,51.84,45.70,No,0.158
756,25.19,3,18.00,48.50,45.62,No,0.216
758,25.26,2,12.00,50.71,45.67,No,0.168
760,25.33,2,12.00,58.56,45.25,No,0.211
762,25.39,2,12.00,42.15,45.39,No,0.283
764,25.46,2,12.00,52.12,45.50,No,0.100
766,25.53,2,12.00,46.65,44.88,No,0.203
768,25.59,2,12.00,40.42,45.06,No,0.115
770,25.66,1,6.00,41.94,0.00,No,0.195
772,25.73,2,12.00,58.78,44.61,No,0.290
774,25.79,2,12.00,57.37,45.58,No,0.225
776,25.86,2,12.00,47.02,45.15,No,0.199
778,25.93,2,12.00,53.24,45.45,No,0.260
780,25.99,2,12.00,53.95,45.17,No,0.228
782,26.06,2,12.00,48.53,45.10,No,0.130
784,26.13,2,12.00,43.92,45.29,Sí,0.199
786,26.19,3,18.00,55.86,45.15,No,0.241
788,26.26,2,12.00,43.57,44.78,No,0.198
790,26.33,2,12.00,48.01,44.84,No,0.122
792,26.39,1,6.00,41.00,0.00,No,0.203
794,26.46,2,12.00,59.08,45.07,No,0.282
796,26.53,2,12.00,59.61,45.25,No,0.129
798,26.59,2,12.00,41.29,45.81,No,0.229
800,26.66,2,12.00,46.04,45.77,No,0.187
802,26.73,2,12.00,45.93,45.61,No,0.152
804,26.79,2,12.00,59.11,45.27,No,0.149
806,26.86,3,18.00,47.86,45.75,No,0.228
808,26.93,3,18.00,53.51,45.71,No,0.268
810,26.99,3,18.00,51.48,45.75,No,0.231
812,27.06,3,18.00,41.27,45.74,No,0.276
814,27.13,3,18.00,52.17,45.58,No,0.242
816,27.19,3,18.00,48.80,45.99,No,0.254
818,27.26,2,12.00,56.07,44.97,No,0.267
820,27.33,2,12.00,51.84,45.26,No,0.226
822,27.39,2,12.00,42.51,45.44,No,0.221
824,27.46,2,12.00,53.43,45.48,No,0.140
826,27.53,2,12.00,52.53,45.37,No,0.152
828,27.59,2,12.00,56.83,44.97,No,0.195
830,27.66,2,12.00,40.86,0.06,No,0.294
832,27.73,3,18.00,51.35,44.93,No,0.287
834,27.79,2,12.00,59.52,44.54,No,0.137
836,27.86,2,12.00,43.10,44.55,No,0.243
838,27.93,2,12.00,52.73,45.02,No,0.236
840,27.99,3,18.00,52.90,44.86,No,0.133
842,28.06,2,12.00,53.49,44.53,No,0.146
844,28.13,1,6.00,57.81,0.00,No,0.149
846,28.19,2,12.00,54.51,44.19,No,0.282
848,28.26,2,12.00,46.12,44.45,No,0.293
850,28.33,1,6.00,46.40,0.00,No,0.183
852,28.39,1,6.00,45.39,0.00,No,0.261
854,28.46,3,18.00,50.60,45.20,No,0.256
856,28.53,3,18.00,42.10,45.67,No,0.243
858,28.59,2,12.00,55.75,44.90,No,0.229
860,28.66,3,18.00,46.58,45.74,No,0.209
862,28.73,2,12.00,44.86,45.74,No,0.260
864,28.79,3,18.00,42.95,45.48,No,0.117
866,28.86,3,18.00,52.08,45.58,No,0.178
868,28.93,2,12.00,54.55,45.34,No,0.262
870,28.99,3,18.00,45.12,45.44,No,0.188
872,29.06,2,12.00,52.40,45.18,No,0.196
874,29.13,4,24.00,50.10,45.41,No,0.217
876,29.19,4,24.00,56.49,45.24,No,0.177
878,29.26,2,12.00,40.99,45.30,No,0.220
880,29.33,2,12.00,57.84,45.75,No,0.267
882,29.39,3,18.00,50.78,44.99,No,0.109
884,29.46,2,12.00,58.71,45.52,No,0.274
886,29.53,2,12.00,45.63,45.07,No,0.297
888,29.59,2,12.00,50.80,45.43,No,0.144
890,29.66,2,12.00,40.19,45.04,No,0.186
892,29.73,2,12.00,48.80,45.69,No,0.265
894,29.79,4,24.00,52.79,45.53,No,0.109
896,29.86,3,18.00,58.19,45.50,No,0.290
898,29.93,3,18.00,55.86,45.37,No,0.121
900,29.99,4,24.00,56.35,45.44,No,0.269
902,30.06,3,18.00,59.74,45.23,No,0.289
904,30.13,3,18.00,57.36,45.27,No,0.274
906,30.19,5,30.00,27.80,45.37,Sí,0.334
908,30.26,3,18.00,50.40,45.60,No,0.289
910,30.33,4,24.00,40.29,45.80,No,0.196
912,30.39,5,30.00,28.67,45.71,No,0.343
914,30.46,2,12.00,59.20,45.64,No,0.202
916,30.53,3,18.00,43.02,45.75,No,0.246
918,30.59,3,18.00,50.08,45.51,No,0.202
920,30.66,3,18.00,40.01,45.47,No,0.220
922,30.73,3,18.00,44.46,45.88,No,0.171
924,30.79,2,12.00,57.65,45.68,No,0.300
926,30.86,2,12.00,47.05,45.50,Sí,0.211
928,30.93,1,6.00,49.24,0.00,No,0.100
930,30.99,2,12.00,50.19,46.20,No,0.229
932,31.06,2,12.00,44.72,45.67,No,0.296
934,31.13,2,12.00,46.38,45.37,No,0.196
936,31.19,3,18.00,57.46,45.62,No,0.123
938,31.26,2,12.00,45.15,45.29,No,0.141
940,31.33,3,18.00,53.74,45.45,No,0.281
942,31.39,2,12.00,46.36,45.32,No,0.107
944,31.46,2,12.00,51.75,46.55,No,0.222
946,31.53,3,18.00,47.87,46.29,No,0.216
948,31.59,2,12.00,56.44,46.30,No,0.148
950,31.66,3,18.00,40.07,45.77,No,0.124
952,31.73,1,6.00,49.54,0.00,Sí,0.244
954,31.79,2,12.00,59.69,45.11,No,0.228
956,31.86,2,12.00,57.40,46.09,No,0.104
958,31.93,2,12.00,59.67,45.85,No,0.246
960,31.99,1,6.00,58.56,0.00,No,0.122
962,32.06,3,18.00,59.99,45.77,No,0.146
964,32.13,3,18.00,42.80,45.22,No,0.207
966,32.19,2,12.00,58.59,45.07,No,0.259
968,32.26,4,24.00,42.75,44.73,No,0.121
970,32.33,2,12.00,45.28,45.22,No,0.177
972,32.39,4,24.00,52.70,45.47,No,0.255
974,32.46,4,24.00,44.37,44.73,No,0.195
976,32.53,3,18.00,47.36,44.71,No,0.232
978,32.59,3,18.00,56.83,44.60,No,0.167
980,32.66,3,18.00,41.13,44.47,No,0.120
982,32.73,3,18.00,59.38,44.42,No,0.134
984,32.79,4,24.00,55.32,45.59,No,0.132
986,32.86,3,18.00,40.80,45.48,No,0.198
988,32.93,3,18.00,47.43,45.30,No,0.230
990,32.99,3,18.00,47.38,45.35,No,0.268
992,33.06,3,18.00,41.64,45.59,No,0.180
994,33.13,4,24.00,48.97,45.69,No,0.187
996,33.19,3,18.00,56.93,45.36,No,0.161
998,33.26,4,24.00,57.29,45.81,No,0.212
1000,33.33,4,24.00,55.25,46.05,No,0.217
1002,33.39,3,18.00,49.80,45.47,No,0.190
1004,33.46,3,18.00,44.36,46.11,No,0.203
1006,33.53,3,18.00,47.63,46.03,No,0.161
1008,33.59,3,18.00,49.54,45.72,No,0.113
1010,33.66,3,18.00,45.81,45.60,No,0.174
1012,33.73,3,18.00,59.46,45.69,No,0.271
1014,33.79,3,18.00,49.37,45.67,No,0.130
1016,33.86,3,18.00,59.42,45.91,No,0.115
1018,33.93,3,18.00,49.87,46.08,No,0.297
1020,33.99,3,18.00,54.85,45.46,No,0.122
1022,34.06,3,18.00,50.93,45.68,No,0.218
1024,34.13,3,18.00,49.80,45.74,No,0.177
1026,34.19,3,18.00,51.10,45.84,No,0.223
1028,34.26,3,18.00,58.01,45.66,No,0.105
1030,34.33,3,18.00,48.03,45.13,No,0.210
1032,34.39,3,18.00,52.51,45.96,No,0.138
1034,34.46,3,18.00,51.12,45.79,No,0.170
1036,34.53,3,18.00,50.57,45.89,No,0.249
1038,34.59,3,18.00,55.59,45.85,No,0.124
1040,34.66,4,24.00,49.57,45.01,No,0.206
1042,34.73,3,18.00,57.46,45.27,Sí,0.171
1044,34.79,3,18.00,40.99,45.09,No,0.111
1046,34.86,3,18.00,47.76,45.39,No,0.269
1048,34.93,4,24.00,48.06,44.78,No,0.187
1050,34.99,4,24.00,52.00,45.07,No,0.209
1052,35.06,4,24.00,48.00,45.35,No,0.140
1054,35.13,3,18.00,44.89,45.66,No,0.131
1056,35.19,3,18.00,57.25,45.45,No,0.207
1058,35.26,3,18.00,48.48,45.20,No,0.203
1060,35.33,3,18.00,43.96,45.26,No,0.241
1062,35.39,3,18.00,41.52,44.66,No,0.156
1064,35.46,3,18.00,47.56,45.22,No,0.293
1066,35.53,4,24.00,44.84,44.49,No,0.223
1068,35.59,3,18.00,44.70,44.14,No,0.172
1070,35.66,4,24.00,50.45,45.19,No,0.210
1072,35.73,3,18.00,51.19,44.77,No,0.171
1074,35.79,4,24.00,55.60,44.23,No,0.127
1076,35.86,3,18.00,53.79,44.73,No,0.140
1078,35.93,3,18.00,43.21,44.52,No,0.206
1080,35.99,4,24.00,53.40,44.92,No,0.273
1082,36.06,3,18.00,50.78,44.66,No,0.256
1084,36.13,3,18.00,47.02,45.08,Sí,0.111
1086,36.19,3,18.00,44.08,45.39,No,0.109
1088,36.26,3,18.00,59.86,45.03,No,0.182
1090,36.33,3,18.00,46.52,46.08,No,0.184
1092,36.39,3,18.00,55.90,45.96,No,0.247
1094,36.46,3,18.00,53.86,46.12,No,0.240
1096,36.53,3,18.00,58.40,45.64,No,0.214
1098,36.59,3,18.00,53.37,45.93,No,0.163
1100,36.66,3,18.00,54.79,45.13,No,0.287
1102,36.73,3,18.00,45.96,45.71,No,0.295
1104,36.79,2,12.00,53.31,45.97,No,0.178
1106,36.86,3,18.00,40.90,45.98,No,0.194
1108,36.93,3,18.00,55.05,45.84,No,0.225
1110,36.99,3,18.00,57.48,46.43,No,0.167
1112,37.06,3,18.00,54.49,46.28,No,0.130
1114,37.13,3,18.00,59.04,45.90,No,0.294
1116,37.19,3,18.00,48.33,45.94,No,0.292
1118,37.26,3,18.00,49.09,45.86,No,0.171
1120,37.33,5,30.00,30.51,45.62,No,0.551
1122,37.39,2,12.00,53.52,45.27,No,0.262
1124,37.46,3,18.00,59.51,45.90,No,0.196
1126,37.53,3,18.00,51.47,45.37,No,0.109
1128,37.59,3,18.00,57.63,45.49,No,0.253
1130,37.66,3,18.00,53.64,46.07,No,0.201
1132,37.73,3,18.00,54.50,46.13,No,0.276
1134,37.79,3,18.00,43.87,45.46,No,0.271
1136,37.86,4,24.00,53.50,45.12,No,0.199
1138,37.93,4,24.00,57.12,45.36,No,0.246
1140,37.99,3,18.00,59.26,45.05,No,0.277
1142,38.06,2,12.00,49.87,44.98,No,0.192
1144,38.13,4,24.00,52.41,45.26,No,0.283
1146,38.19,3,18.00,54.30,45.28,No,0.247
1148,38.26,3,18.00,43.19,44.56,No,0.263
1150,38.33,3,18.00,48.63,44.45,No,0.247
1152,38.39,3,18.00,52.82,44.37,No,0.193
1154,38.46,2,12.00,55.24,44.52,No,0.293
1156,38.52,3,18.00,44.68,44.44,No,0.293
1158,38.59,2,12.00,44.83,44.78,No,0.223
1160,38.66,4,24.00,59.77,44.12,No,0.107
1162,38.72,3,18.00,41.15,44.16,No,0.173
1164,38.79,3,18.00,56.33,44.94,No,0.253
1166,38.86,4,24.00,47.81,44.31,No,0.140
1168,38.92,3,18.00,55.82,43.74,No,0.260
1170,38.99,2,12.00,44.40,43.72,No,0.183
1172,39.06,3,18.00,55.69,43.63,No,0.128
1174,39.12,3,18.00,44.40,44.29,No,0.199
1176,39.19,3,18.00,55.42,44.22,Sí,0.260
1178,39.26,2,12.00,55.57,44.22,No,0.299
1180,39.32,3,18.00,51.69,44.49,No,0.141
1182,39.39,2,12.00,50.84,43.80,No,0.228
1184,39.46,2,12.00,41.08,44.16,Sí,0.150
1186,39.52,2,12.00,58.80,44.22,No,0.259
1188,39.59,2,12.00,51.48,43.93,No,0.253
1190,39.66,3,18.00,58.19,44.28,No,0.259
1192,39.72,2,12.00,47.29,44.48,No,0.223
1194,39.79,3,18.00,54.24,43.94,No,0.289
1196,39.86,3,18.00,53.51,44.63,No,0.142
1198,39.92,3,18.00,55.66,44.30,No,0.261
1200,39.99,4,24.00,53.51,44.43,No,0.127
1202,40.06,3,18.00,47.95,44.38,No,0.146
1204,40.12,3,18.00,55.14,44.90,Sí,0.224
1206,40.19,3,18.00,40.49,45.04,No,0.256
1208,40.26,2,12.00,49.93,45.38,No,0.195
1210,40.32,4,24.00,58.54,45.06,No,0.248
1212,40.39,3,18.00,57.84,45.25,No,0.106
1214,40.46,4,24.00,56.63,45.59,No,0.175
1216,40.52,3,18.00,49.53,45.23,No,0.259
1218,40.59,3,18.00,53.52,45.16,Sí,0.200
1220,40.66,3,18.00,59.32,45.30,No,0.195
1222,40.72,3,18.00,57.55,45.23,No,0.256
1224,40.79,3,18.00,53.21,45.34,No,0.138
1226,40.86,4,24.00,52.31,45.32,No,0.225
1228,40.92,3,18.00,40.63,45.27,No,0.159
1230,40.99,3,18.00,58.40,45.46,No,0.165
1232,41.06,3,18.00,49.14,45.23,No,0.278
1234,41.12,3,18.00,45.82,45.31,No,0.203
1236,41.19,3,18.00,55.99,44.91,No,0.169
1238,41.26,3,18.00,49.63,44.73,No,0.228
1240,41.32,3,18.00,48.16,45.01,Sí,0.109
1242,41.39,3,18.00,46.56,44.35,No,0.226
1244,41.46,3,18.00,43.59,44.89,No,0.175
1246,41.52,4,24.00,49.04,45.25,No,0.130
1248,41.59,3,18.00,50.57,44.45,No,0.109
1250,41.66,3,18.00,51.38,44.72,No,0.255
1252,41.72,2,12.00,42.86,43.43,No,0.117
1254,41.79,3,18.00,42.71,43.89,No,0.258
1256,41.86,3,18.00,43.12,44.35,No,0.259
1258,41.92,3,18.00,55.54,45.08,No,0.299
1260,41.99,4,24.00,52.76,45.21,No,0.118
1262,42.06,4,24.00,54.62,44.20,No,0.122
1264,42.12,3,18.00,40.72,44.14,No,0.279
1266,42.19,3,18.00,50.90,43.48,No,0.213
1268,42.26,3,18.00,49.78,43.94,No,0.192
1270,42.32,2,12.00,54.69,43.65,No,0.174
1272,42.39,2,12.00,54.61,43.98,No,0.222
1274,42.46,3,18.00,40.85,43.44,No,0.245
1276,42.52,3,18.00,44.08,43.84,No,0.270
1278,42.59,4,24.00,49.37,43.93,No,0.182
1280,42.66,3,18.00,57.16,44.63,No,0.102
1282,42.72,3,18.00,56.79,44.02,No,0.220
1284,42.79,3,18.00,43.89,44.11,No,0.140
1286,42.86,3,18.00,44.64,44.60,No,0.269
1288,42.92,3,18.00,59.73,44.65,No,0.107
1290,42.99,2,12.00,54.49,44.31,No,0.293
1292,43.06,3,18.00,40.63,44.98,No,0.140
1294,43.12,3,18.00,44.68,44.61,Sí,0.194
1296,43.19,3,18.00,55.37,44.44,No,0.151
1298,43.26,4,24.00,51.69,44.87,No,0.296
1300,43.32,2,12.00,44.20,44.48,No,0.281
1302,43.39,3,18.00,40.57,44.42,No,0.256
1304,43.46,3,18.00,48.34,45.20,No,0.107
1306,43.52,2,12.00,53.14,44.69,No,0.162
1308,43.59,2,12.00,52.76,44.59,No,0.145
1310,43.66,2,12.00,51.17,44.62,No,0.247
1312,43.72,3,18.00,50.99,43.56,No,0.278
1314,43.79,3,18.00,50.79,44.37,No,0.141
1316,43.86,3,18.00,45.90,44.51,No,0.287
1318,43.92,3,18.00,43.00,44.25,No,0.222
1320,43.99,4,24.00,57.81,44.06,No,0.167
1322,44.06,3,18.00,46.59,44.64,No,0.152
1324,44.12,4,24.00,54.96,44.17,No,0.205
1326,44.19,4,24.00,44.94,43.65,No,0.176
1328,44.26,4,24.00,49.32,43.72,No,0.202
1330,44.32,4,24.00,46.74,43.63,No,0.252
1332,44.39,4,24.00,49.97,44.25,No,0.167
1334,44.46,2,12.00,46.25,44.19,No,0.274
1336,44.52,3,18.00,41.92,43.91,No,0.154
1338,44.59,2,12.00,52.12,44.18,No,0.272
1340,44.66,2,12.00,40.01,43.97,No,0.245
1342,44.72,4,24.00,53.06,44.62,No,0.178
1344,44.79,2,12.00,44.65,44.81,No,0.181
1346,44.86,2,12.00,42.50,44.97,No,0.261
1348,44.92,2,12.00,47.52,44.88,No,0.113
1350,44.99,2,12.00,47.04,44.99,No,0.261
1352,45.06,3,18.00,49.58,44.22,No,0.268
1354,45.12,3,18.00,55.43,44.47,No,0.125
1356,45.19,4,24.00,44.08,44.44,No,0.181
1358,45.26,3,18.00,52.86,44.72,No,0.140
1360,45.32,3,18.00,56.13,44.32,No,0.215
1362,45.39,3,18.00,57.40,44.28,No,0.249
1364,45.46,2,12.00,59.35,45.01,No,0.219
1366,45.52,3,18.00,49.30,44.70,No,0.207
1368,45.59,2,12.00,54.18,45.45,No,0.191
1370,45.66,2,12.00,45.56,45.27,No,0.235
1372,45.72,3,18.00,52.38,44.50,No,0.205
1374,45.79,3,18.00,47.55,44.62,No,0.146
1376,45.86,3,18.00,48.12,44.70,No,0.242
1378,45.92,2,12.00,47.10,44.51,No,0.200
1380,45.99,3,18.00,41.23,44.05,No,0.222
1382,46.06,3,18.00,54.86,44.28,No,0.177
1384,46.12,3,18.00,59.63,44.10,No,0.238
1386,46.19,3,18.00,48.92,44.46,No,0.181
1388,46.26,2,12.00,48.15,44.35,No,0.286
1390,46.32,3,18.00,55.74,44.11,No,0.210
1392,46.39,3,18.00,47.32,44.25,No,0.290
1394,46.46,4,24.00,41.32,44.48,No,0.140
1396,46.52,2,12.00,43.60,44.21,No,0.234
1398,46.59,2,12.00,50.58,44.19,No,0.287
1400,46.66,3,18.00,58.59,44.06,No,0.224
1402,46.72,2,12.00,59.87,44.27,No,0.298
1404,46.79,3,18.00,52.12,44.05,No,0.162
1406,46.86,2,12.00,56.08,44.01,No,0.178
1408,46.92,3,18.00,53.48,43.62,No,0.207
1410,46.99,3,18.00,40.39,43.76,No,0.230
1412,47.06,3,18.00,42.64,43.47,No,0.248
1414,47.12,3,18.00,46.20,43.65,No,0.111
1416,47.19,3,18.00,49.32,43.76,No,0.156
1418,47.26,3,18.00,55.59,43.65,No,0.166
1420,47.32,2,12.00,51.00,43.91,No,0.222
1422,47.39,3,18.00,43.82,44.15,No,0.157
1424,47.46,3,18.00,48.12,44.68,No,0.104
1426,47.52,3,18.00,42.65,44.35,No,0.299
1428,47.59,3,18.00,42.89,43.83,No,0.161
1430,47.66,3,18.00,40.42,44.00,No,0.239
1432,47.72,2,12.00,49.08,43.66,No,0.199
1434,47.79,3,18.00,43.96,43.76,No,0.131
1436,47.86,3,18.00,45.68,43.51,No,0.161
1438,47.92,2,12.00,47.28,43.43,No,0.164
1440,47.99,3,18.00,51.35,43.46,No,0.249
1442,48.06,3,18.00,49.44,43.59,No,0.294
1444,48.12,3,18.00,56.95,43.29,No,0.281
1446,48.19,2,12.00,48.83,43.68,No,0.105
1448,48.26,2,12.00,55.47,43.49,No,0.282
1450,48.32,3,18.00,53.33,43.65,No,0.263
1452,48.39,3,18.00,47.39,43.27,No,0.247
1454,48.46,3,18.00,43.21,43.66,No,0.247
1456,48.52,3,18.00,52.86,43.93,No,0.124
1458,48.59,3,18.00,49.53,43.46,No,0.133
1460,48.66,3,18.00,51.54,44.36,No,0.204
1462,48.72,3,18.00,58.68,44.64,No,0.192
1464,48.79,3,18.00,58.54,43.78,No,0.221
1466,48.86,5,30.00,37.02,45.14,No,0.498
1468,48.92,4,24.00,51.69,45.07,No,0.243
1470,48.99,4,24.00,55.95,44.91,Sí,0.102
1472,49.06,3,18.00,46.48,44.61,No,0.198
1474,49.12,3,18.00,53.64,44.56,No,0.200
1476,49.19,3,18.00,47.90,43.86,No,0.112
1478,49.26,3,18.00,57.67,43.65,No,0.173
1480,49.32,2,12.00,44.10,44.87,No,0.277
1482,49.39,2,12.00,51.19,44.71,No,0.183
1484,49.46,3,18.00,47.15,44.50,Sí,0.232
1486,49.52,3,18.00,40.74,44.76,No,0.155
1488,49.59,3,18.00,54.39,45.13,No,0.242
1490,49.66,3,18.00,52.74,44.97,No,0.185
1492,49.72,3,18.00,44.32,45.26,No,0.139
1494,49.79,4,24.00,50.42,45.07,No,0.128
1496,49.86,3,18.00,57.47,45.14,No,0.219
1498,49.92,2,12.00,43.00,45.07,No,0.277
1500,49.99,2,12.00,57.43,45.24,No,0.170
1502,50.06,3,18.00,54.17,45.27,No,0.204
1504,50.12,3,18.00,56.11,44.73,No,0.223
1506,50.19,3,18.00,40.78,45.32,No,0.118
1508,50.26,2,12.00,48.96,45.17,No,0.166
1510,50.32,3,18.00,46.06,44.89,No,0.173
1512,50.39,3,18.00,56.60,45.19,No,0.167
1514,50.46,3,18.00,41.55,44.56,No,0.160
1516,50.52,3,18.00,53.17,44.82,No,0.228
1518,50.59,3,18.00,54.13,44.77,No,0.202
1520,50.66,3,18.00,42.80,44.67,No,0.252
1522,50.72,3,18.00,47.67,45.12,Sí,0.140
1524,50.79,3,18.00,50.43,44.75,No,0.132
1526,50.86,3,18.00,53.95,44.35,No,0.105
1528,50.92,3,18.00,52.17,44.66,No,0.203
1530,50.99,3,18.00,54.44,44.93,No,0.189
1532,51.06,3,18.00,48.89,45.12,No,0.279
1534,51.12,3,18.00,44.59,45.20,No,0.187
1536,51.19,3,18.00,47.13,44.88,No,0.151
1538,51.26,3,18.00,55.11,44.53,No,0.125
1540,51.32,3,18.00,55.24,44.80,No,0.225
1542,51.39,3,18.00,46.83,44.07,No,0.194
1544,51.46,2,12.00,56.48,44.52,No,0.168
1546,51.52,3,18.00,56.61,44.31,No,0.290
1548,51.59,3,18.00,48.53,45.02,Sí,0.291
1550,51.66,3,18.00,50.71,45.14,No,0.249
1552,51.72,3,18.00,56.95,44.80,No,0.250
1554,51.79,2,12.00,44.44,45.44,No,0.112
1556,51.86,3,18.00,40.53,45.30,No,0.150
1558,51.92,3,18.00,45.66,44.80,No,0.181
1560,51.99,3,18.00,59.01,45.24,No,0.287
1562,52.06,3,18.00,40.83,45.32,No,0.201
1564,52.12,2,12.00,42.23,45.17,No,0.257
1566,52.19,4,24.00,48.24,45.70,No,0.170
1568,52.26,3,18.00,56.73,45.41,No,0.267
1570,52.32,3,18.00,49.99,44.64,No,0.249
1572,52.39,2,12.00,42.56,44.74,No,0.237
1574,52.46,2,12.00,55.50,45.01,No,0.202
1576,52.52,2,12.00,46.80,45.42,No,0.235
1578,52.59,2,12.00,57.53,44.84,No,0.245
1580,52.66,3,18.00,51.50,44.73,No,0.144
1582,52.72,3,18.00,40.35,44.29,No,0.295
1584,52.79,2,12.00,56.83,44.66,No,0.177
1586,52.86,2,12.00,40.09,44.32,No,0.116
1588,52.92,3,18.00,58.80,44.76,No,0.261
1590,52.99,3,18.00,47.37,44.69,No,0.215
1592,53.06,3,18.00,56.12,44.67,No,0.195
1594,53.12,2,12.00,51.70,44.94,No,0.120
1596,53.19,2,12.00,48.37,45.11,No,0.140
1598,53.26,2,12.00,43.09,45.16,Sí,0.119
1600,53.32,2,12.00,55.15,44.95,No,0.146
1602,53.39,3,18.00,53.36,44.85,No,0.132
1604,53.46,2,12.00,42.88,45.03,No,0.207
1606,53.52,2,12.00,42.51,44.93,Sí,0.199
1608,53.59,3,18.00,51.79,44.32,No,0.176
1610,53.66,2,12.00,50.90,44.30,No,0.227
1612,53.72,2,12.00,48.45,44.74,No,0.231
1614,53.79,3,18.00,45.25,44.63,No,0.271
1616,53.85,3,18.00,51.03,44.51,No,0.148
1618,53.92,3,18.00,44.96,44.42,No,0.121
1620,53.99,3,18.00,55.76,44.10,No,0.220
1622,54.05,3,18.00,42.51,44.11,Sí,0.213
1624,54.12,3,18.00,48.54,44.29,No,0.279
1626,54.19,2,12.00,42.35,44.34,No,0.268
1628,54.25,2,12.00,48.58,44.38,No,0.186
1630,54.32,2,12.00,50.16,44.47,Sí,0.205
1632,54.39,2,12.00,47.94,44.03,No,0.242
1634,54.45,2,12.00,42.49,44.49,No,0.198
1636,54.52,2,12.00,54.51,44.17,No,0.151
1638,54.59,3,18.00,55.73,44.46,No,0.138
1640,54.65,2,12.00,46.38,44.41,No,0.162
1642,54.72,3,18.00,52.00,44.63,Sí,0.199
1644,54.79,3,18.00,52.23,44.64,No,0.289
1646,54.85,2,12.00,56.19,44.38,No,0.120
1648,54.92,3,18.00,43.27,44.38,No,0.245
1650,54.99,3,18.00,43.30,44.95,No,0.214
1652,55.05,3,18.00,42.17,44.64,No,0.233
1654,55.12,3,18.00,41.10,44.23,No,0.240
1656,55.19,3,18.00,52.51,43.94,No,0.201
1658,55.25,2,12.00,54.37,43.92,No,0.113
1660,55.32,2,12.00,40.55,44.20,Sí,0.287
1662,55.39,3,18.00,49.10,44.62,No,0.111
1664,55.45,2,12.00,42.57,44.37,No,0.141
1666,55.52,3,18.00,52.86,43.94,No,0.158
1668,55.59,3,18.00,49.24,44.19,No,0.235
1670,55.65,2,12.00,53.46,44.09,No,0.250
1672,55.72,3,18.00,45.10,44.64,No,0.262
1674,55.79,3,18.00,46.31,43.94,No,0.228
1676,55.85,3,18.00,42.68,44.27,No,0.216
1678,55.92,3,18.00,41.24,44.60,No,0.157
1680,55.99,2,12.00,57.71,44.64,No,0.253
1682,56.05,3,18.00,45.13,44.72,No,0.125
1684,56.12,3,18.00,57.16,44.77,No,0.259
1686,56.19,3,18.00,40.24,44.60,No,0.277
1688,56.25,3,18.00,55.07,44.59,No,0.284
1690,56.32,3,18.00,40.83,44.00,No,0.208
1692,56.39,1,6.00,46.45,0.00,No,0.238
1694,56.45,2,12.00,54.53,44.59,Sí,0.178
1696,56.52,3,18.00,44.03,44.90,No,0.283
1698,56.59,3,18.00,50.45,44.61,No,0.279
1700,56.65,3,18.00,56.84,45.22,No,0.152
1702,56.72,3,18.00,48.01,44.98,No,0.132
1704,56.79,3,18.00,43.56,44.40,No,0.203
1706,56.85,2,12.00,57.17,44.75,No,0.198
1708,56.92,3,18.00,56.64,44.31,Sí,0.181
1710,56.99,3,18.00,40.26,45.04,No,0.216
1712,57.05,3,18.00,59.97,44.89,No,0.231
1714,57.12,3,18.00,40.58,44.87,No,0.104
1716,57.19,3,18.00,53.01,44.44,No,0.200
1718,57.25,3,18.00,42.33,44.91,No,0.262
1720,57.32,3,18.00,43.50,44.94,No,0.299
1722,57.39,2,12.00,42.07,44.73,No,0.258
1724,57.45,3,18.00,58.77,44.27,No,0.278
1726,57.52,3,18.00,54.51,44.22,No,0.203
1728,57.59,3,18.00,54.20,44.44,No,0.219
1730,57.65,3,18.00,47.93,44.48,No,0.109
1732,57.72,3,18.00,59.49,45.08,No,0.275
1734,57.79,3,18.00,48.72,43.63,No,0.148
1736,57.85,3,18.00,58.30,43.81,No,0.237
1738,57.92,3,18.00,45.40,43.20,No,0.226
1740,57.99,3,18.00,51.72,45.01,No,0.187
1742,58.05,2,12.00,57.26,43.37,No,0.274
1744,58.12,3,18.00,40.98,43.47,No,0.219
1746,58.19,2,12.00,42.94,43.19,No,0.298
1748,58.25,2,12.00,55.05,43.24,No,0.121
1750,58.32,2,12.00,45.28,43.29,No,0.156
1752,58.39,3,18.00,58.78,43.30,No,0.154
1754,58.45,3,18.00,57.22,43.32,No,0.147
1756,58.52,3,18.00,57.98,42.91,No,0.199
1758,58.59,3,18.00,40.59,43.33,Sí,0.133
1760,58.65,3,18.00,41.67,43.69,No,0.159
1762,58.72,3,18.00,43.81,43.82,No,0.112
1764,58.79,3,18.00,54.27,43.68,Sí,0.198
1766,58.85,3,18.00,41.82,43.61,No,0.224
1768,58.92,3,18.00,58.09,43.66,Sí,0.116
1770,58.99,2,12.00,56.05,43.80,No,0.122
1772,59.05,2,12.00,48.05,43.57,No,0.185
1774,59.12,3,18.00,46.11,43.66,No,0.199
1776,59.19,3,18.00,49.59,43.58,No,0.161
1778,59.25,3,18.00,50.83,43.51,No,0.232
1780,59.32,2,12.00,40.54,43.44,No,0.102
1782,59.39,3,18.00,41.08,43.46,No,0.139
1784,59.45,3,18.00,58.90,43.76,No,0.145
1786,59.52,3,18.00,48.31,44.26,No,0.266
1788,59.59,4,24.00,51.13,43.94,No,0.238
1790,59.65,3,18.00,49.35,43.56,No,0.103
1792,59.72,3,18.00,52.08,44.02,No,0.140
1794,59.79,2,12.00,51.47,43.17,No,0.274
1796,59.85,3,18.00,41.95,43.72,No,0.129
1798,59.92,3,18.00,52.46,43.49,No,0.239
1800,59.99,3,18.00,45.17,43.59,No,0.207
1802,60.05,4,24.00,58.88,44.58,No,0.176
1804,60.12,3,18.00,55.31,44.18,No,0.264
1806,60.19,4,24.00,52.63,43.39,No,0.290
1808,60.25,3,18.00,50.10,43.26,No,0.160
1810,60.32,3,18.00,42.28,43.67,Sí,0.267
1812,60.39,3,18.00,50.02,42.76,No,0.195
1814,60.45,3,18.00,58.21,42.81,No,0.134
1816,60.52,3,18.00,42.66,43.04,No,0.298
1818,60.59,3,18.00,52.98,43.79,No,0.147
1820,60.65,3,18.00,41.06,43.73,No,0.107
1822,60.72,3,18.00,51.12,43.42,No,0.182
1824,60.79,3,18.00,41.90,43.15,No,0.169
1826,60.85,3,18.00,58.34,43.83,No,0.169
1828,60.92,3,18.00,52.98,43.35,No,0.131
1830,60.99,3,18.00,58.11,43.11,No,0.222
1832,61.05,3,18.00,44.61,43.08,No,0.122
1834,61.12,3,18.00,56.06,43.34,No,0.154
1836,61.19,3,18.00,46.72,43.58,No,0.206
1838,61.25,3,18.00,53.66,43.70,No,0.112
1840,61.32,3,18.00,53.66,44.65,No,0.294
1842,61.39,3,18.00,40.08,44.43,Sí,0.293
1844,61.45,4,24.00,43.08,44.21,No,0.176
1846,61.52,3,18.00,43.74,44.39,No,0.243
1848,61.59,2,12.00,54.67,44.53,No,0.150
1850,61.65,2,12.00,51.35,44.14,No,0.165
1852,61.72,3,18.00,58.13,44.41,No,0.250
1854,61.79,2,12.00,46.54,44.12,No,0.185
1856,61.85,2,12.00,58.67,44.46,No,0.276
1858,61.92,3,18.00,50.27,44.02,No,0.248
1860,61.99,2,12.00,51.19,44.46,No,0.239
1862,62.05,3,18.00,51.07,43.83,No,0.135
1864,62.12,3,18.00,48.28,44.12,No,0.118
1866,62.19,3,18.00,52.07,44.14,No,0.281
1868,62.25,2,12.00,56.10,44.16,No,0.139
1870,62.32,2,12.00,40.92,44.82,No,0.237
1872,62.39,3,18.00,53.68,43.86,No,0.258
1874,62.45,2,12.00,52.38,44.43,No,0.107
1876,62.52,3,18.00,56.03,44.32,No,0.285
1878,62.59,3,18.00,55.84,44.35,No,0.275
1880,62.65,3,18.00,40.31,44.45,No,0.146
1882,62.72,3,18.00,48.63,43.99,No,0.156
1884,62.79,3,18.00,53.93,44.47,No,0.227
1886,62.85,3,18.00,51.79,44.29,No,0.235
1888,62.92,4,24.00,46.99,44.19,No,0.271
1890,62.99,4,24.00,58.31,44.55,No,0.279
1892,63.05,3,18.00,57.53,45.19,No,0.179
1894,63.12,3,18.00,52.74,45.08,No,0.233
1896,63.19,3,18.00,57.13,44.95,No,0.188
1898,63.25,3,18.00,52.15,45.41,No,0.155
1900,63.32,3,18.00,58.44,44.85,No,0.148
1902,63.39,4,24.00,48.01,44.70,No,0.128
1904,63.45,3,18.00,40.98,45.26,No,0.270
1906,63.52,4,24.00,47.18,45.03,No,0.182
1908,63.59,4,24.00,54.85,44.83,No,0.108
1910,63.65,1,6.00,58.60,0.00,No,0.200
1912,63.72,4,24.00,45.05,45.06,No,0.158
1914,63.79,3,18.00,54.62,45.20,No,0.272
1916,63.85,3,18.00,47.40,44.81,No,0.179
1918,63.92,3,18.00,57.72,45.11,No,0.206
1920,63.99,3,18.00,55.67,45.24,No,0.185
1922,64.05,3,18.00,40.63,44.83,No,0.170
1924,64.12,3,18.00,41.71,45.68,No,0.130
1926,64.19,3,18.00,51.89,45.40,No,0.106
1928,64.25,3,18.00,43.72,44.63,No,0.144
1930,64.32,3,18.00,55.99,44.85,No,0.150
1932,64.39,3,18.00,45.61,45.55,No,0.256
1934,64.45,3,18.00,56.25,45.67,No,0.162
1936,64.52,3,18.00,49.46,45.32,No,0.287
1938,64.59,3,18.00,43.25,45.34,No,0.256
1940,64.65,3,18.00,58.70,44.86,No,0.299
1942,64.72,3,18.00,58.63,44.86,No,0.110
1944,64.79,3,18.00,58.13,45.52,No,0.172
1946,64.85,3,18.00,55.36,45.24,No,0.192
1948,64.92,3,18.00,40.28,44.78,No,0.230
1950,64.99,3,18.00,46.81,44.33,No,0.127
1952,65.05,2,12.00,42.21,44.05,No,0.210
1954,65.12,3,18.00,43.29,44.49,No,0.128
1956,65.19,3,18.00,46.64,44.77,No,0.233
1958,65.25,3,18.00,45.22,44.36,No,0.211
1960,65.32,3,18.00,49.71,45.08,No,0.149
1962,65.39,3,18.00,41.16,44.84,No,0.282
1964,65.45,3,18.00,59.27,44.37,No,0.259
1966,65.52,2,12.00,50.99,44.19,No,0.110
1968,65.59,2,12.00,47.36,45.07,No,0.150
1970,65.65,1,6.00,46.26,0.00,No,0.115
1972,65.72,2,12.00,43.06,45.38,No,0.262
1974,65.79,2,12.00,56.10,44.92,No,0.231
1976,65.85,2,12.00,41.30,45.34,No,0.119
1978,65.92,2,12.00,53.58,45.32,No,0.179
1980,65.99,3,18.00,42.88,54.22,No,0.251
1982,66.05,2,12.00,47.17,45.23,No,0.216
1984,66.12,2,12.00,42.17,0.03,No,0.281
1986,66.19,1,6.00,48.57,0.00,No,0.283
1988,66.25,2,12.00,53.93,45.13,No,0.280
1990,66.32,2,12.00,42.36,0.10,No,0.220
1992,66.39,3,18.00,57.92,45.42,No,0.283
1994,66.45,4,24.00,57.45,45.20,No,0.137
1996,66.52,3,18.00,59.27,45.18,No,0.134
1998,66.59,3,18.00,45.09,44.74,No,0.178
2000,66.65,2,12.00,48.25,44.70,No,0.176
2002,66.72,3,18.00,58.79,45.09,No,0.293
2004,66.79,3,18.00,48.23,44.73,No,0.281
2006,66.85,2,12.00,40.49,0.08,No,0.119
2008,66.92,3,18.00,49.34,45.30,No,0.218
2010,66.99,3,18.00,44.25,44.41,No,0.254
2012,67.05,2,12.00,59.59,44.07,No,0.246
2014,67.12,3,18.00,46.13,43.91,No,0.168
2016,67.19,3,18.00,54.90,43.73,No,0.265
2018,67.25,4,24.00,48.09,43.62,No,0.286
2020,67.32,4,24.00,43.76,43.48,No,0.269
2022,67.39,4,24.00,40.28,43.55,No,0.247
2024,67.45,2,12.00,52.79,0.11,No,0.175
2026,67.52,3,18.00,51.99,43.80,No,0.229
2028,67.59,3,18.00,43.89,43.99,No,0.243
2030,67.65,3,18.00,56.73,43.47,No,0.234
2032,67.72,3,18.00,51.73,43.57,No,0.199
2034,67.79,4,24.00,54.22,43.19,No,0.124
2036,67.85,4,24.00,43.48,43.75,No,0.271
2038,67.92,4,24.00,56.63,43.93,No,0.286
2040,67.99,4,24.00,42.51,43.53,No,0.120
2042,68.05,3,18.00,44.62,44.69,No,0.159
2044,68.12,3,18.00,43.18,44.75,No,0.158
2046,68.19,3,18.00,50.04,44.37,Sí,0.258
2048,68.25,2,12.00,41.96,44.38,No,0.115
2050,68.32,3,18.00,50.12,44.67,No,0.266
2052,68.39,3,18.00,58.49,44.55,No,0.125
2054,68.45,3,18.00,59.55,44.88,No,0.228
2056,68.52,2,12.00,46.20,44.85,No,0.231
2058,68.59,2,12.00,50.02,44.57,No,0.188
2060,68.65,2,12.00,52.56,44.98,No,0.165
2062,68.72,3,18.00,42.46,44.66,No,0.297
2064,68.79,3,18.00,59.06,45.01,No,0.108
2066,68.85,3,18.00,48.44,45.52,No,0.199
2068,68.92,2,12.00,40.39,45.33,No,0.293
2070,68.99,2,12.00,57.99,45.63,No,0.286
2072,69.05,3,18.00,42.50,45.53,No,0.162
2074,69.12,2,12.00,48.66,45.53,No,0.260
2076,69.18,3,18.00,48.41,45.27,No,0.228
2078,69.25,1,6.00,48.89,0.00,No,0.258
2080,69.32,2,12.00,55.79,45.23,No,0.101
2082,69.38,3,18.00,45.10,44.83,No,0.222
2084,69.45,2,12.00,53.48,44.54,No,0.269
2086,69.52,2,12.00,52.09,44.42,No,0.241
2088,69.58,3,18.00,52.14,44.80,No,0.184
2090,69.65,2,12.00,56.66,44.11,No,0.299
2092,69.72,2,12.00,44.50,44.67,Sí,0.128
2094,69.78,2,12.00,40.09,44.77,No,0.280
2096,69.85,2,12.00,59.35,44.33,No,0.260
2098,69.92,3,18.00,44.71,44.63,No,0.211
2100,69.98,2,12.00,51.93,44.72,No,0.166
2102,70.05,3,18.00,44.20,44.65,No,0.103
2104,70.12,3,18.00,47.48,44.67,No,0.202
2106,70.18,2,12.00,53.01,45.21,No,0.113
2108,70.25,3,18.00,41.72,44.25,No,0.135
2110,70.32,2,12.00,49.05,44.59,No,0.131
2112,70.38,3,18.00,53.29,44.48,No,0.131
2114,70.45,3,18.00,47.54,44.94,No,0.168
2116,70.52,2,12.00,41.39,45.45,No,0.168
2118,70.58,2,12.00,59.14,44.88,No,0.280
2120,70.65,2,12.00,52.70,45.21,No,0.117
2122,70.72,2,12.00,52.91,45.05,Sí,0.299
2124,70.78,2,12.00,45.77,45.25,No,0.172
2126,70.85,3,18.00,55.83,52.08,No,0.154
2128,70.92,3,18.00,49.78,50.15,No,0.289
2130,70.98,3,18.00,56.33,47.75,No,0.156
2132,71.05,3,18.00,53.09,45.25,No,0.138
2134,71.12,3,18.00,44.47,45.12,No,0.167
2136,71.18,2,12.00,57.70,44.36,No,0.225
2138,71.25,3,18.00,52.38,43.95,No,0.160
2140,71.32,3,18.00,49.33,44.31,No,0.110
2142,71.38,4,24.00,59.53,44.80,No,0.163
2144,71.45,2,12.00,47.42,22.97,No,0.101
2146,71.52,2,12.00,51.31,29.96,No,0.277
2148,71.58,2,12.00,47.09,37.52,No,0.110
2150,71.65,2,12.00,46.97,46.02,No,0.145
2152,71.72,1,6.00,51.13,0.00,No,0.199
2154,71.78,2,12.00,47.04,43.94,No,0.123
2156,71.85,2,12.00,47.54,44.22,No,0.244
2158,71.92,1,6.00,59.86,0.00,No,0.299
2160,71.98,1,6.00,52.19,0.00,No,0.174
2162,72.05,1,6.00,53.95,0.00,No,0.127
2164,72.12,1,6.00,41.30,0.00,No,0.203
2166,72.18,2,12.00,59.37,44.88,No,0.103
2168,72.25,3,18.00,54.00,45.15,No,0.183
2170,72.32,2,12.00,44.05,44.80,No,0.171
2172,72.38,2,12.00,46.93,44.39,No,0.134
2174,72.45,2,12.00,45.32,44.24,No,0.261
2176,72.52,3,18.00,49.88,44.16,No,0.265
2178,72.58,3,18.00,53.89,44.50,No,0.236
2180,72.65,3,18.00,48.08,45.13,No,0.138
2182,72.72,3,18.00,54.22,44.70,Sí,0.117
2184,72.78,3,18.00,54.87,44.92,No,0.246
2186,72.85,3,18.00,46.30,44.89,No,0.156
2188,72.92,2,12.00,41.16,44.46,No,0.189
2190,72.98,3,18.00,56.33,44.52,No,0.280
2192,73.05,2,12.00,56.31,43.96,No,0.114
2194,73.12,2,12.00,53.85,44.10,No,0.138
2196,73.18,3,18.00,48.67,44.21,No,0.232
2198,73.25,3,18.00,40.29,44.24,No,0.188
2200,73.32,4,24.00,53.21,49.72,No,0.286
2202,73.38,4,24.00,44.62,47.80,No,0.133
2204,73.45,2,12.00,40.09,44.52,No,0.282
2206,73.52,3,18.00,40.70,43.99,No,0.156
2208,73.58,4,24.00,49.52,43.83,No,0.107
2210,73.65,5,30.00,37.66,50.21,No,0.571
2212,73.72,4,24.00,50.72,48.28,No,0.130
2214,73.78,5,30.00,38.52,46.84,No,0.557
2216,73.85,5,30.00,28.79,44.57,No,0.331
2218,73.92,4,24.00,50.32,43.17,No,0.146
2220,73.98,3,18.00,40.18,43.27,No,0.130
2222,74.05,4,24.00,43.27,43.35,Sí,0.250
2224,74.12,4,24.00,51.99,43.64,Sí,0.146
2226,74.18,4,24.00,57.30,43.83,No,0.197
2228,74.25,4,24.00,43.86,43.85,No,0.172
2230,74.32,5,30.00,23.68,62.79,No,0.570
2232,74.38,2,12.00,43.61,43.29,No,0.250
2234,74.45,4,24.00,59.50,44.03,No,0.232
2236,74.52,4,24.00,55.45,52.30,No,0.219
2238,74.58,2,12.00,58.86,43.60,No,0.199
2240,74.65,2,12.00,57.24,43.64,No,0.103
2242,74.72,2,12.00,56.28,43.12,No,0.127
2244,74.78,2,12.00,40.21,43.78,No,0.287
2246,74.85,2,12.00,54.60,43.10,No,0.115
2248,74.92,2,12.00,41.26,0.12,No,0.152
2250,74.98,4,24.00,41.71,49.36,No,0.255
2252,75.05,3,18.00,40.38,47.34,No,0.267
2254,75.12,2,12.00,59.48,45.17,No,0.173
2256,75.18,4,24.00,54.21,43.06,Sí,0.198
2258,75.25,1,6.00,43.97,0.00,No,0.212
2260,75.32,5,30.00,28.32,42.87,No,0.318
2262,75.38,4,24.00,56.79,43.08,No,0.286
2264,75.45,3,18.00,51.27,31.84,No,0.299
2266,75.52,1,6.00,48.87,0.00,No,0.282
2268,75.58,1,6.00,56.52,0.00,No,0.259
2270,75.65,2,12.00,44.74,48.14,No,0.299
2272,75.72,3,18.00,48.59,46.48,No,0.239
2274,75.78,7,42.00,36.49,48.66,No,0.487
2276,75.85,5,30.00,29.72,53.63,No,0.586
2278,75.92,4,24.00,50.91,56.59,No,0.276
2280,75.98,4,24.00,52.30,43.46,No,0.101
2282,76.05,3,18.00,49.40,43.49,No,0.211
2284,76.12,3,18.00,53.21,42.74,No,0.237
2286,76.18,3,18.00,58.80,43.18,No,0.296
2288,76.25,4,24.00,59.70,50.43,No,0.119
2290,76.32,4,24.00,54.20,48.72,No,0.227
2292,76.38,6,36.00,26.23,47.11,No,0.330
2294,76.45,4,24.00,52.78,45.21,Sí,0.281
2296,76.52,5,30.00,30.60,52.41,No,0.427
2298,76.58,4,24.00,59.13,43.85,No,0.233
2300,76.65,3,18.00,47.47,44.48,No,0.217
2302,76.72,2,12.00,40.46,9.17,No,0.193
2304,76.78,2,12.00,48.21,15.21,No,0.121
2306,76.85,2,12.00,47.68,20.92,Sí,0.152
2308,76.92,2,12.00,40.45,27.05,No,0.296
2310,76.98,2,12.00,45.81,34.54,No,0.291
2312,77.05,2,12.00,49.41,42.62,No,0.111
2314,77.12,2,12.00,56.25,51.84,No,0.152
2316,77.18,3,18.00,53.21,57.12,No,0.106
2318,77.25,2,12.00,52.51,61.67,No,0.111
2320,77.32,2,12.00,54.25,44.76,No,0.255
2322,77.38,3,18.00,53.36,44.86,No,0.179
2324,77.45,2,12.00,53.80,44.58,No,0.211
2326,77.52,3,18.00,42.56,47.85,No,0.123
2328,77.58,1,6.00,57.62,0.00,No,0.242
2330,77.65,1,6.00,53.19,0.00,No,0.106
2332,77.72,1,6.00,57.44,0.00,No,0.241
2334,77.78,2,12.00,59.88,44.61,No,0.131
2336,77.85,3,18.00,48.48,44.28,No,0.262
2338,77.92,1,6.00,47.23,0.00,No,0.161
2340,77.98,4,24.00,57.28,44.56,No,0.280
2342,78.05,0,0.00,48.70,0.00,No,0.239
2344,78.12,3,18.00,46.16,44.44,No,0.173
2346,78.18,3,18.00,52.60,44.31,No,0.129
2348,78.25,3,18.00,55.17,43.63,No,0.194
2350,78.32,3,18.00,49.00,43.86,No,0.115
2352,78.38,3,18.00,53.30,51.12,No,0.171
2354,78.45,4,24.00,50.90,49.81,No,0.231
2356,78.52,5,30.00,32.54,51.43,No,0.319
2358,78.58,5,30.00,38.26,49.92,No,0.385
2360,78.65,7,42.00,31.49,47.85,No,0.492
2362,78.72,5,30.00,37.69,45.72,No,0.597
2364,78.78,6,36.00,33.02,44.20,No,0.341
2366,78.85,5,30.00,33.62,44.24,No,0.596
2368,78.92,5,30.00,23.45,44.44,No,0.490
2370,78.98,5,30.00,25.56,44.31,No,0.569
2372,79.05,5,30.00,31.83,44.56,No,0.503
2374,79.12,4,24.00,43.37,44.36,No,0.168
2376,79.18,3,18.00,46.44,44.87,No,0.268
2378,79.25,3,18.00,40.15,43.79,No,0.293
2380,79.32,2,12.00,42.00,44.03,No,0.283
2382,79.38,2,12.00,51.55,43.75,No,0.117
2384,79.45,3,18.00,46.83,43.90,Sí,0.236
2386,79.52,1,6.00,43.86,0.00,No,0.135
2388,79.58,2,12.00,49.41,44.00,No,0.107
2390,79.65,1,6.00,59.95,0.00,No,0.235
2392,79.72,3,18.00,54.17,44.48,No,0.138
2394,79.78,3,18.00,45.24,43.55,No,0.271
2396,79.85,3,18.00,54.77,43.52,No,0.152
2398,79.92,0,0.00,46.60,0.00,No,0.241
2400,79.98,0,0.00,45.94,0.00,No,0.139
2402,80.05,3,18.00,52.69,44.34,No,0.238
2404,80.12,3,18.00,55.73,43.96,No,0.135
2406,80.18,3,18.00,49.02,43.53,No,0.276
2408,80.25,3,18.00,55.75,43.52,No,0.190
2410,80.32,3,18.00,54.55,43.49,No,0.176
2412,80.38,3,18.00,58.67,43.65,No,0.288
2414,80.45,3,18.00,50.55,43.68,No,0.207
2416,80.52,3,18.00,40.65,43.97,No,0.205
2418,80.58,3,18.00,54.65,43.88,No,0.289
2420,80.65,2,12.00,41.79,0.22,No,0.176
2422,80.72,3,18.00,52.71,43.45,No,0.285
2424,80.78,3,18.00,58.13,43.49,No,0.152
2426,80.85,3,18.00,48.93,43.80,No,0.269
2428,80.92,3,18.00,41.57,43.59,No,0.239
2430,80.98,3,18.00,58.90,43.18,No,0.128
2432,81.05,3,18.00,56.27,43.45,No,0.265
2434,81.12,3,18.00,52.41,43.15,No,0.227
2436,81.18,3,18.00,54.56,43.86,No,0.257
2438,81.25,3,18.00,57.92,43.49,No,0.203
2440,81.32,3,18.00,53.80,43.58,No,0.203
2442,81.38,3,18.00,55.61,44.02,No,0.181
2444,81.45,3,18.00,54.94,44.11,No,0.238
2446,81.52,2,12.00,55.32,43.55,No,0.153
2448,81.58,4,24.00,53.12,50.63,No,0.124
2450,81.65,3,18.00,59.63,49.71,No,0.261
2452,81.72,4,24.00,55.03,48.84,No,0.145
2454,81.78,4,24.00,57.58,47.23,No,0.283
2456,81.85,4,24.00,41.73,46.28,No,0.103
2458,81.92,4,24.00,48.97,44.90,No,0.122
2460,81.98,4,24.00,53.38,44.48,No,0.111
2462,82.05,5,30.00,35.97,44.39,No,0.529
2464,82.12,5,30.00,35.51,51.19,No,0.496
2466,82.18,5,30.00,29.11,49.02,No,0.401
2468,82.25,4,24.00,51.72,46.26,No,0.143
2470,82.32,4,24.00,43.33,43.62,No,0.204
2472,82.38,4,24.00,43.19,44.02,No,0.228
2474,82.45,4,24.00,45.28,44.15,No,0.211
2476,82.52,4,24.00,53.47,45.04,No,0.288
2478,82.58,3,18.00,54.57,26.79,No,0.280
2480,82.65,2,12.00,40.32,45.17,Sí,0.153
2482,82.72,2,12.00,56.45,45.42,No,0.158
2484,82.78,2,12.00,53.46,45.10,No,0.284
2486,82.85,2,12.00,51.25,45.41,No,0.123
2488,82.92,1,6.00,44.22,0.00,Sí,0.145
2490,82.98,0,0.00,54.09,0.00,Sí,0.261
2492,83.05,0,0.00,42.98,0.00,No,0.193
2494,83.12,1,6.00,56.83,0.00,No,0.158
2496,83.18,0,0.00,48.23,0.00,No,0.184
2498,83.25,2,12.00,46.09,45.24,No,0.271
2500,83.32,2,12.00,42.64,45.31,No,0.272
2502,83.38,2,12.00,50.99,45.23,No,0.286
2504,83.45,2,12.00,59.47,45.38,No,0.248
2506,83.52,1,6.00,52.04,0.00,No,0.272
2508,83.58,1,6.00,58.19,0.00,No,0.243
2510,83.65,0,0.00,51.99,0.00,No,0.155
2512,83.72,2,12.00,51.68,45.23,No,0.103
2514,83.78,1,6.00,51.44,0.00,No,0.172
2516,83.85,1,6.00,48.27,0.00,No,0.240
2518,83.92,1,6.00,50.17,0.00,No,0.285
2520,83.98,3,18.00,44.45,48.79,No,0.188
2522,84.05,3,18.00,59.19,46.29,No,0.252
2524,84.12,3,18.00,50.43,45.04,No,0.283
2526,84.18,2,12.00,59.09,2.91,No,0.189
2528,84.25,1,6.00,53.24,0.00,Sí,0.226
2530,84.32,2,12.00,45.61,36.52,No,0.270
2532,84.38,4,24.00,41.37,45.36,Sí,0.110
2534,84.45,3,18.00,59.19,44.74,No,0.165
2536,84.51,5,30.00,35.64,44.76,No,0.379
2538,84.58,2,12.00,48.59,16.09,No,0.237
2540,84.65,2,12.00,58.19,44.49,No,0.287
2542,84.71,1,6.00,48.92,0.00,No,0.151
2544,84.78,2,12.00,43.33,6.16,No,0.138
2546,84.85,3,18.00,55.17,44.29,No,0.265
2548,84.91,2,12.00,46.51,44.47,No,0.249
2550,84.98,2,12.00,53.91,44.15,No,0.227
2552,85.05,3,18.00,56.33,49.89,No,0.267
2554,85.11,1,6.00,54.55,0.00,Sí,0.270
2556,85.18,2,12.00,59.99,44.37,No,0.160
2558,85.25,1,6.00,57.23,0.00,No,0.213
2560,85.31,2,12.00,57.10,43.90,No,0.125
2562,85.38,2,12.00,58.90,41.41,Sí,0.131
2564,85.45,2,12.00,43.37,37.58,No,0.130
2566,85.51,2,12.00,51.58,33.64,No,0.120
2568,85.58,3,18.00,46.64,29.62,No,0.219
2570,85.65,3,18.00,53.45,24.76,No,0.163
2572,85.71,3,18.00,50.90,45.27,No,0.236
2574,85.78,4,24.00,59.97,44.69,No,0.282
2576,85.85,2,12.00,46.64,8.06,No,0.244
2578,85.91,2,12.00,51.11,0.39,No,0.180
2580,85.98,2,12.00,46.89,8.29,No,0.240
2582,86.05,1,6.00,40.40,0.00,No,0.126
2584,86.11,2,12.00,56.62,53.31,No,0.146
2586,86.18,3,18.00,54.31,51.77,No,0.164
2588,86.25,1,6.00,59.51,0.00,No,0.196
2590,86.31,1,6.00,43.62,0.00,No,0.203
2592,86.38,3,18.00,57.14,2.72,No,0.163
2594,86.45,1,6.00,54.19,0.00,Sí,0.107
2596,86.51,4,24.00,54.84,44.12,No,0.141
2598,86.58,4,24.00,44.27,40.94,No,0.152
2600,86.65,3,18.00,59.64,38.48,No,0.221
2602,86.71,4,24.00,43.58,44.40,No,0.223
2604,86.78,4,24.00,49.19,44.53,No,0.203
2606,86.85,4,24.00,47.30,26.17,No,0.172
2608,86.91,2,12.00,46.81,4.36,No,0.233
2610,86.98,2,12.00,59.36,4.70,No,0.115
2612,87.05,4,24.00,40.86,44.18,No,0.256
2614,87.11,3,18.00,51.33,4.37,No,0.237
2616,87.18,3,18.00,45.17,54.36,No,0.206
2618,87.25,2,12.00,40.77,43.78,No,0.251
2620,87.31,3,18.00,44.86,43.96,No,0.187
2622,87.38,2,12.00,43.81,43.71,No,0.207
2624,87.45,4,24.00,55.90,50.68,No,0.131
2626,87.51,5,30.00,22.25,83.17,No,0.476
2628,87.58,3,18.00,46.13,4.87,No,0.177
2630,87.65,3,18.00,40.36,3.18,No,0.184
2632,87.71,2,12.00,56.80,1.56,No,0.145
2634,87.78,3,18.00,50.87,3.19,No,0.143
2636,87.85,3,18.00,51.74,3.39,No,0.187
2638,87.91,3,18.00,48.03,8.85,No,0.120
2640,87.98,3,18.00,40.70,12.77,No,0.147
2642,88.05,3,18.00,53.60,18.54,No,0.115
2644,88.11,3,18.00,57.88,24.72,No,0.281
2646,88.18,3,18.00,42.76,31.24,No,0.131
2648,88.25,2,12.00,49.70,11.15,No,0.114
2650,88.31,1,6.00,47.48,0.00,No,0.144
2652,88.38,3,18.00,53.19,44.69,No,0.214
2654,88.45,3,18.00,59.23,47.50,No,0.218
2656,88.51,2,12.00,46.38,45.20,No,0.211
2658,88.58,2,12.00,44.64,44.40,No,0.198
2660,88.65,2,12.00,44.02,44.89,No,0.293
2662,88.71,3,18.00,52.60,44.67,No,0.257
2664,88.78,1,6.00,53.04,0.00,No,0.274
2666,88.85,2,12.00,52.02,44.57,No,0.214
2668,88.91,2,12.00,43.00,44.76,No,0.224
2670,88.98,2,12.00,41.07,44.82,No,0.195
2672,89.05,1,6.00,58.36,0.00,No,0.122
2674,89.11,2,12.00,43.16,44.71,No,0.180
2676,89.18,3,18.00,51.88,44.59,No,0.163
2678,89.25,1,6.00,51.78,0.00,No,0.140
2680,89.31,3,18.00,48.52,44.37,No,0.188
2682,89.38,3,18.00,54.90,44.07,No,0.226
2684,89.45,5,30.00,27.64,49.70,No,0.380
2686,89.51,4,24.00,58.69,48.56,No,0.229
2688,89.58,3,18.00,51.70,46.46,No,0.295
2690,89.65,1,6.00,43.15,0.00,No,0.209
2692,89.71,3,18.00,44.33,1.74,No,0.154
2694,89.78,4,24.00,49.50,44.68,No,0.133
2696,89.85,3,18.00,47.26,6.08,No,0.101
2698,89.91,3,18.00,55.78,44.52,No,0.212
2700,89.98,5,30.00,39.59,44.79,No,0.403
2702,90.05,3,18.00,40.33,45.57,No,0.195
2704,90.11,4,24.00,48.80,45.07,No,0.186
2706,90.18,4,24.00,45.56,44.93,No,0.265
2708,90.25,2,12.00,44.92,5.02,No,0.241
2710,90.31,3,18.00,56.98,44.64,No,0.231
2712,90.38,2,12.00,49.27,0.35,No,0.105
2714,90.45,1,6.00,54.96,0.00,No,0.267
2716,90.51,2,12.00,49.77,44.89,No,0.133
2718,90.58,2,12.00,40.67,44.65,No,0.153
2720,90.65,1,6.00,49.95,0.00,No,0.292
2722,90.71,1,6.00,42.14,0.00,No,0.124
2724,90.78,1,6.00,43.64,0.00,No,0.273
2726,90.85,2,12.00,40.15,45.04,No,0.275
2728,90.91,2,12.00,42.87,45.09,No,0.178
2730,90.98,2,12.00,40.06,45.47,No,0.100
2732,91.05,3,18.00,51.32,52.84,No,0.204
2734,91.11,3,18.00,52.89,51.43,No,0.219
2736,91.18,3,18.00,48.34,49.83,No,0.246
2738,91.25,3,18.00,59.86,48.66,No,0.208
2740,91.31,3,18.00,45.67,46.32,No,0.104
2742,91.38,3,18.00,44.88,44.99,No,0.102
2744,91.45,4,24.00,48.71,44.77,No,0.196
2746,91.51,1,6.00,57.34,0.00,No,0.163
2748,91.58,2,12.00,42.83,6.15,No,0.263
2750,91.65,3,18.00,44.49,44.66,No,0.145
2752,91.71,4,24.00,50.10,44.57,No,0.112
2754,91.78,4,24.00,41.31,44.72,No,0.229
2756,91.85,3,18.00,56.01,44.83,No,0.117
2758,91.91,4,24.00,49.88,58.28,No,0.212
2760,91.98,2,12.00,53.25,32.54,No,0.256
2762,92.05,4,24.00,44.46,45.19,No,0.295
2764,92.11,4,24.00,40.59,46.91,No,0.300
2766,92.18,4,24.00,58.29,51.71,No,0.134
2768,92.25,2,12.00,50.94,45.12,No,0.164
2770,92.31,2,12.00,40.72,45.18,No,0.278
2772,92.38,2,12.00,49.14,44.96,No,0.178
2774,92.45,2,12.00,41.51,45.03,No,0.136
2776,92.51,2,12.00,41.75,45.01,Sí,0.250
2778,92.58,2,12.00,48.61,44.82,No,0.254
2780,92.65,3,18.00,40.62,44.69,No,0.169
2782,92.71,2,12.00,59.88,44.49,No,0.225
2784,92.78,1,6.00,56.65,0.00,No,0.291
2786,92.85,3,18.00,47.22,44.82,No,0.234
2788,92.91,2,12.00,56.59,43.82,No,0.294
2790,92.98,3,18.00,59.54,44.26,No,0.231
2792,93.05,3,18.00,40.30,44.32,No,0.184
2794,93.11,2,12.00,56.88,44.56,No,0.164
2796,93.18,2,12.00,57.03,44.86,No,0.158
2798,93.25,3,18.00,50.24,45.96,No,0.144
2800,93.31,3,18.00,55.59,44.17,No,0.102
2802,93.38,3,18.00,58.87,43.71,No,0.155
2804,93.45,3,18.00,45.32,43.61,No,0.212
2806,93.51,3,18.00,46.67,43.92,Sí,0.270
2808,93.58,3,18.00,49.83,43.81,No,0.113
2810,93.65,3,18.00,45.86,43.50,No,0.252
2812,93.71,2,12.00,40.30,44.42,No,0.299
2814,93.78,2,12.00,41.47,44.45,No,0.281
2816,93.85,3,18.00,56.73,44.92,No,0.167
2818,93.91,3,18.00,41.70,44.91,No,0.261
2820,93.98,3,18.00,48.96,44.53,No,0.207
2822,94.05,3,18.00,41.93,44.64,No,0.287
2824,94.11,4,24.00,42.81,44.34,No,0.117
2826,94.18,4,24.00,46.32,45.16,No,0.216
2828,94.25,4,24.00,48.35,44.43,No,0.284
2830,94.31,4,24.00,41.61,71.11,No,0.190
2832,94.38,4,24.00,52.05,45.04,No,0.243
2834,94.45,4,24.00,57.62,44.78,No,0.126
2836,94.51,4,24.00,44.21,45.27,No,0.130
2838,94.58,4,24.00,45.64,44.96,No,0.184
2840,94.65,4,24.00,53.36,45.01,No,0.257
2842,94.71,4,24.00,45.32,44.83,No,0.230
2844,94.78,3,18.00,40.48,45.12,No,0.291
2846,94.85,2,12.00,44.08,45.21,No,0.116
2848,94.91,3,18.00,49.86,52.99,No,0.103
2850,94.98,2,12.00,49.97,45.51,No,0.161
2852,95.05,1,6.00,46.91,0.00,No,0.266
2854,95.11,3,18.00,54.67,45.73,No,0.147
2856,95.18,3,18.00,40.59,45.64,No,0.178
2858,95.25,3,18.00,49.16,45.49,No,0.216
2860,95.31,3,18.00,59.57,45.37,No,0.262
2862,95.38,3,18.00,47.95,45.45,No,0.119
2864,95.45,3,18.00,42.78,44.93,No,0.142
2866,95.51,3,18.00,43.54,45.06,Sí,0.115
2868,95.58,2,12.00,55.56,45.71,No,0.157
2870,95.65,2,12.00,42.90,45.16,No,0.119
2872,95.71,3,18.00,59.00,52.20,No,0.246
2874,95.78,3,18.00,55.36,49.84,No,0.109
2876,95.85,3,18.00,43.09,48.97,No,0.283
2878,95.91,3,18.00,56.24,47.22,No,0.130
2880,95.98,2,12.00,45.31,45.25,No,0.244
2882,96.05,4,24.00,51.21,45.18,No,0.246
2884,96.11,3,18.00,49.13,45.07,No,0.105
2886,96.18,2,12.00,41.18,38.77,No,0.251
2888,96.25,4,24.00,49.22,45.18,No,0.184
2890,96.31,4,24.00,57.57,44.89,No,0.125
2892,96.38,4,24.00,54.39,44.81,No,0.215
2894,96.45,3,18.00,40.90,44.69,No,0.290
2896,96.51,3,18.00,48.97,45.54,No,0.104
2898,96.58,4,24.00,47.86,45.74,No,0.171
2900,96.65,4,24.00,40.47,45.28,No,0.288
2902,96.71,4,24.00,41.12,45.41,No,0.263
2904,96.78,3,18.00,47.46,45.43,No,0.263
2906,96.85,3,18.00,41.30,52.90,No,0.219
2908,96.91,2,12.00,44.72,45.04,No,0.175
2910,96.98,2,12.00,53.83,45.55,No,0.110
2912,97.05,3,18.00,45.16,45.37,No,0.291
2914,97.11,2,12.00,54.22,45.41,No,0.223
2916,97.18,3,18.00,52.31,73.57,No,0.274
2918,97.25,3,18.00,48.69,55.08,No,0.280
2920,97.31,3,18.00,46.11,53.86,No,0.265
2922,97.38,3,18.00,42.82,52.43,No,0.178
2924,97.45,3,18.00,59.79,50.51,No,0.155
2926,97.51,2,12.00,49.05,48.89,No,0.225
2928,97.58,4,24.00,54.88,46.76,No,0.176
2930,97.65,2,12.00,57.90,44.89,No,0.104
2932,97.71,1,6.00,51.05,0.00,No,0.245
2934,97.78,2,12.00,49.05,4.41,No,0.212
2936,97.85,2,12.00,53.31,6.82,No,0.218
2938,97.91,1,6.00,46.87,0.00,No,0.175
2940,97.98,3,18.00,43.11,20.12,Sí,0.245
2942,98.05,1,6.00,52.37,0.00,No,0.275
2944,98.11,1,6.00,48.40,0.00,No,0.239
2946,98.18,2,12.00,54.84,43.68,No,0.278
2948,98.25,3,18.00,56.11,40.91,No,0.179
2950,98.31,2,12.00,55.48,2.50,No,0.165
2952,98.38,1,6.00,53.60,0.00,No,0.237
2954,98.45,1,6.00,41.75,0.00,No,0.140
2956,98.51,1,6.00,57.29,0.00,No,0.195
2958,98.58,1,6.00,45.12,0.00,No,0.258
2960,98.65,3,18.00,59.77,2.57,No,0.109
2962,98.71,4,24.00,47.04,72.42,No,0.227
2964,98.78,3,18.00,59.84,78.21,No,0.168
2966,98.85,3,18.00,53.87,6.42,Sí,0.228
2968,98.91,2,12.00,43.55,8.41,No,0.228
2970,98.98,3,18.00,49.60,44.12,No,0.261
2972,99.05,3,18.00,49.76,44.19,No,0.109
2974,99.11,3,18.00,54.98,43.61,No,0.220
2976,99.18,3,18.00,54.70,43.24,No,0.288
2978,99.25,3,18.00,47.84,28.80,No,0.154
2980,99.31,3,18.00,58.91,31.36,No,0.124
2982,99.38,3,18.00,57.39,34.06,No,0.210
2984,99.45,3,18.00,52.55,36.40,Sí,0.101
2986,99.51,3,18.00,42.52,39.05,No,0.213
2988,99.58,3,18.00,54.28,42.77,No,0.232
2990,99.65,4,24.00,40.91,52.37,No,0.154
2992,99.71,5,30.00,35.95,57.05,No,0.545
2994,99.78,4,24.00,40.58,50.70,No,0.270
2996,99.84,6,36.00,29.16,60.85,No,0.526
2998,99.91,5,30.00,22.32,61.93,No,0.366
3000,99.98,2,12.00,49.43,14.94,No,0.135
3002,100.04,4,24.00,40.85,47.01,No,0.178
3004,100.11,3,18.00,50.08,24.81,No,0.241
3006,100.18,3,18.00,52.37,45.83,No,0.269
3008,100.24,3,18.00,47.65,35.17,No,0.238
3010,100.31,5,30.00,30.37,74.73,No,0.590
3012,100.38,2,12.00,55.76,45.78,No,0.102
3014,100.44,1,6.00,41.56,0.00,No,0.154
3016,100.51,2,12.00,44.95,7.10,No,0.164
3018,100.58,2,12.00,58.33,9.83,No,0.242
3020,100.64,4,24.00,43.68,64.06,No,0.271
3022,100.71,5,30.00,24.31,75.78,No,0.499
3024,100.78,5,30.00,24.32,73.11,No,0.483
3026,100.84,2,12.00,44.25,44.80,No,0.261
3028,100.91,3,18.00,44.63,45.39,No,0.298
3030,100.98,3,18.00,51.56,45.08,No,0.253
3032,101.04,2,12.00,55.45,45.24,No,0.262
3034,101.11,2,12.00,57.91,0.12,No,0.153
3036,101.18,2,12.00,41.30,44.82,No,0.247
3038,101.24,6,36.00,32.53,54.93,No,0.335
3040,101.31,3,18.00,45.71,50.58,No,0.176
3042,101.38,4,24.00,44.94,59.51,No,0.197
3044,101.44,3,18.00,49.73,48.08,No,0.242
3046,101.51,3,18.00,54.29,47.34,No,0.180
3048,101.58,3,18.00,57.07,45.76,No,0.131
3050,101.64,3,18.00,48.13,45.18,No,0.128
3052,101.71,3,18.00,56.09,45.06,No,0.242
3054,101.78,3,18.00,50.26,45.14,No,0.291
3056,101.84,4,24.00,51.68,57.26,No,0.173
3058,101.91,3,18.00,49.01,44.49,No,0.283
3060,101.98,4,24.00,56.74,64.95,No,0.221
3062,102.04,1,6.00,49.47,0.00,No,0.122
3064,102.11,4,24.00,56.68,44.28,No,0.292
3066,102.18,2,12.00,56.86,26.49,No,0.134
3068,102.24,3,18.00,47.59,22.10,No,0.190
3070,102.31,3,18.00,50.98,25.74,No,0.123
3072,102.38,2,12.00,53.03,27.93,No,0.298
3074,102.44,3,18.00,53.02,31.81,No,0.223
3076,102.51,4,24.00,56.05,44.06,No,0.160
3078,102.58,2,12.00,41.80,40.38,No,0.176
3080,102.64,2,12.00,51.88,44.75,No,0.168
3082,102.71,2,12.00,58.83,50.59,No,0.152
3084,102.78,1,6.00,48.16,0.00,No,0.181
3086,102.84,1,6.00,51.27,0.00,No,0.245
3088,102.91,1,6.00,40.18,0.00,Sí,0.250
3090,102.98,2,12.00,50.30,61.13,No,0.172
3092,103.04,0,0.00,43.09,0.00,No,0.140
3094,103.11,0,0.00,49.08,0.00,No,0.259
3096,103.18,4,24.00,57.27,53.76,No,0.194
3098,103.24,2,12.00,40.69,42.99,No,0.213
3100,103.31,4,24.00,43.12,83.05,No,0.194
3102,103.38,4,24.00,50.36,85.89,No,0.262
3104,103.44,3,18.00,47.87,48.27,No,0.267
3106,103.51,4,24.00,54.89,47.66,No,0.274
3108,103.58,3,18.00,49.34,45.88,No,0.171
3110,103.64,3,18.00,57.11,43.70,No,0.200
3112,103.71,4,24.00,43.23,43.63,No,0.257
3114,103.78,4,24.00,41.31,43.66,No,0.268
3116,103.84,4,24.00,51.56,43.37,No,0.134
3118,103.91,2,12.00,46.73,36.36,No,0.249
3120,103.98,2,12.00,57.60,34.09,No,0.220
3122,104.04,1,6.00,59.35,0.00,No,0.179
3124,104.11,1,6.00,46.53,0.00,No,0.197
3126,104.18,3,18.00,41.44,25.16,No,0.232
3128,104.24,3,18.00,55.14,30.97,No,0.198
3130,104.31,2,12.00,46.40,29.48,No,0.167
3132,104.38,3,18.00,58.92,39.49,No,0.239
3134,104.44,3,18.00,54.87,44.24,No,0.143
3136,104.51,3,18.00,48.10,49.24,No,0.164
3138,104.58,4,24.00,52.08,52.37,No,0.204
3140,104.64,3,18.00,51.39,43.83,No,0.104
3142,104.71,3,18.00,58.87,43.80,No,0.200
3144,104.78,1,6.00,55.60,0.00,No,0.155
3146,104.84,4,24.00,49.41,49.71,No,0.245
3148,104.91,2,12.00,51.99,13.72,No,0.248
3150,104.98,3,18.00,47.46,75.75,No,0.263
3152,105.04,2,12.00,40.79,16.90,No,0.125
3154,105.11,3,18.00,45.68,43.04,No,0.191
3156,105.18,3,18.00,52.33,23.14,No,0.240
3158,105.24,4,24.00,45.38,43.92,No,0.145
3160,105.31,4,24.00,43.05,43.64,No,0.246
3162,105.38,4,24.00,43.06,43.00,No,0.296
3164,105.44,4,24.00,54.85,43.32,No,0.200
3166,105.51,3,18.00,41.88,49.10,No,0.281
3168,105.58,1,6.00,50.31,0.00,No,0.184
3170,105.64,2,12.00,50.20,43.82,No,0.227
3172,105.71,1,6.00,41.63,0.00,No,0.178
3174,105.78,1,6.00,46.17,0.00,No,0.126
3176,105.84,2,12.00,41.46,1.06,No,0.174
3178,105.91,3,18.00,53.00,0.73,Sí,0.293
3180,105.98,3,18.00,59.08,43.80,No,0.188
3182,106.04,4,24.00,52.54,44.06,No,0.257
3184,106.11,4,24.00,41.73,43.12,No,0.212
3186,106.18,3,18.00,48.57,43.41,No,0.286
3188,106.24,3,18.00,51.45,43.11,No,0.221
3190,106.31,3,18.00,45.64,43.24,No,0.205
3192,106.38,3,18.00,47.06,43.66,No,0.266
3194,106.44,1,6.00,56.00,0.00,No,0.157
3196,106.51,4,24.00,47.05,28.90,No,0.260
3198,106.58,3,18.00,41.07,31.19,No,0.204
3200,106.64,4,24.00,54.93,33.53,No,0.146
3202,106.71,4,24.00,48.03,35.28,No,0.268
3204,106.78,4,24.00,46.61,39.57,No,0.291
3206,106.84,5,30.00,32.67,51.01,No,0.586
3208,106.91,5,30.00,37.48,52.65,No,0.301
3210,106.98,4,24.00,47.16,53.40,No,0.216
3212,107.04,4,24.00,46.83,55.57,No,0.173
3214,107.11,5,30.00,38.00,57.57,No,0.413
3216,107.18,2,12.00,40.44,12.84,No,0.112
3218,107.24,2,12.00,54.96,17.05,No,0.209
3220,107.31,2,12.00,47.96,22.73,No,0.207
3222,107.38,1,6.00,56.70,0.00,No,0.162
3224,107.44,3,18.00,51.79,35.75,No,0.283
3226,107.51,3,18.00,42.62,44.43,No,0.271
3228,107.58,3,18.00,43.96,49.76,No,0.134
3230,107.64,3,18.00,45.19,44.64,No,0.278
3232,107.71,3,18.00,47.99,44.36,No,0.296
3234,107.78,2,12.00,56.08,19.30,No,0.156
3236,107.84,3,18.00,44.14,44.52,No,0.234
3238,107.91,1,6.00,49.76,0.00,No,0.166
3240,107.98,2,12.00,46.58,38.84,No,0.279
3242,108.04,1,6.00,47.58,0.00,No,0.121
3244,108.11,1,6.00,47.68,0.00,No,0.119
3246,108.18,4,24.00,43.27,49.79,No,0.180
3248,108.24,1,6.00,44.37,0.00,No,0.130
3250,108.31,2,12.00,42.64,0.45,No,0.106
3252,108.38,2,12.00,56.12,2.20,No,0.274
3254,108.44,3,18.00,40.36,8.60,No,0.278
3256,108.51,3,18.00,47.20,11.04,No,0.140
3258,108.58,3,18.00,42.67,12.36,No,0.250
3260,108.64,4,24.00,51.07,17.79,No,0.235
3262,108.71,3,18.00,55.76,20.55,No,0.225
3264,108.78,4,24.00,40.01,24.71,No,0.115
3266,108.84,2,12.00,59.47,1.59,No,0.244
3268,108.91,2,12.00,54.97,2.02,No,0.143
3270,108.98,3,18.00,48.49,43.10,No,0.172
3272,109.04,3,18.00,49.29,50.78,No,0.163
3274,109.11,2,12.00,51.76,6.38,No,0.174
3276,109.18,4,24.00,49.20,64.47,No,0.288
3278,109.24,4,24.00,51.01,66.46,No,0.236
3280,109.31,4,24.00,58.91,68.45,No,0.103
3282,109.38,6,36.00,30.99,47.97,No,0.499
3284,109.44,4,24.00,47.10,73.99,No,0.275
3286,109.51,5,30.00,25.64,21.73,No,0.533
3288,109.58,4,24.00,54.39,43.89,No,0.147
3290,109.64,3,18.00,59.07,29.85,No,0.284
3292,109.71,3,18.00,46.54,35.03,No,0.265
3294,109.78,2,12.00,48.00,10.50,No,0.155
3296,109.84,3,18.00,58.31,45.63,Sí,0.280
3298,109.91,2,12.00,48.26,6.28,No,0.118
3300,109.98,2,12.00,47.87,43.89,No,0.132
3302,110.04,3,18.00,53.33,54.81,No,0.138
3304,110.11,3,18.00,42.01,49.23,No,0.295
3306,110.18,2,12.00,43.51,43.30,No,0.296
3308,110.24,3,18.00,57.89,47.22,No,0.273
3310,110.31,3,18.00,41.19,45.64,No,0.200
3312,110.38,2,12.00,42.24,43.65,No,0.264
3314,110.44,2,12.00,46.56,42.68,No,0.145
3316,110.51,3,18.00,59.32,44.45,No,0.262
3318,110.58,1,6.00,49.93,0.00,No,0.271
3320,110.64,3,18.00,57.08,44.16,No,0.172
3322,110.71,2,12.00,49.24,32.20,No,0.186
3324,110.78,3,18.00,54.02,43.61,No,0.137
3326,110.84,2,12.00,51.38,22.99,No,0.194
3328,110.91,3,18.00,56.61,43.47,No,0.239
3330,110.98,2,12.00,48.71,43.86,No,0.295
3332,111.04,1,6.00,43.37,0.00,No,0.279
3334,111.11,2,12.00,52.83,43.85,No,0.127
3336,111.18,1,6.00,43.92,0.00,No,0.251
3338,111.24,0,0.00,44.44,0.00,No,0.266
3340,111.31,0,0.00,40.33,0.00,No,0.288
3342,111.38,1,6.00,58.82,0.00,No,0.170
3344,111.44,1,6.00,56.54,0.00,No,0.166
3346,111.51,3,18.00,56.44,43.91,No,0.235
3348,111.58,2,12.00,43.86,43.63,No,0.113
3350,111.64,2,12.00,51.33,43.29,Sí,0.273
3352,111.71,1,6.00,51.19,0.00,No,0.148
3354,111.78,2,12.00,47.68,42.82,No,0.124
3356,111.84,4,24.00,44.87,50.69,Sí,0.131
3358,111.91,2,12.00,49.10,49.50,No,0.236
3360,111.98,4,24.00,51.28,47.37,No,0.216
3362,112.04,3,18.00,53.76,46.57,No,0.166
3364,112.11,3,18.00,57.35,45.04,No,0.163
3366,112.18,3,18.00,52.60,43.03,No,0.242
3368,112.24,3,18.00,43.39,41.19,No,0.279
3370,112.31,5,30.00,33.54,42.98,No,0.428
3372,112.38,3,18.00,43.52,37.35,No,0.246
3374,112.44,3,18.00,41.39,35.10,No,0.270
3376,112.51,4,24.00,44.36,43.11,No,0.170
3378,112.58,4,24.00,58.68,43.63,No,0.162
3380,112.64,2,12.00,43.81,28.53,No,0.280
3382,112.71,2,12.00,41.48,24.78,No,0.289
3384,112.78,3,18.00,45.65,43.94,No,0.283
3386,112.84,3,18.00,41.57,43.90,No,0.246
3388,112.91,1,6.00,57.73,0.00,No,0.191
3390,112.98,2,12.00,48.90,41.24,No,0.283
3392,113.04,1,6.00,54.14,0.00,No,0.125
3394,113.11,2,12.00,45.46,0.03,No,0.166
3396,113.18,1,6.00,49.95,0.00,Sí,0.113
3398,113.24,2,12.00,43.10,44.05,No,0.173
3400,113.31,1,6.00,59.26,0.00,No,0.155
3402,113.38,1,6.00,49.81,0.00,No,0.270
3404,113.44,2,12.00,46.76,66.95,No,0.261
3406,113.51,2,12.00,57.73,71.46,No,0.268
3408,113.58,2,12.00,45.91,76.44,No,0.173
3410,113.64,1,6.00,43.58,0.00,No,0.216
3412,113.71,2,12.00,59.71,43.83,No,0.270
3414,113.78,2,12.00,45.20,43.99,No,0.106
3416,113.84,3,18.00,55.83,43.68,No,0.285
3418,113.91,1,6.00,53.92,0.00,No,0.260
3420,113.98,1,6.00,54.41,0.00,No,0.181
3422,114.04,1,6.00,53.87,0.00,No,0.205
3424,114.11,1,6.00,50.97,0.00,No,0.231
3426,114.18,2,12.00,58.90,49.52,Sí,0.186
3428,114.24,2,12.00,45.92,47.99,No,0.216
3430,114.31,1,6.00,45.02,0.00,No,0.167
3432,114.38,1,6.00,50.97,0.00,No,0.275
3434,114.44,2,12.00,56.24,43.43,No,0.100
3436,114.51,2,12.00,40.55,40.07,No,0.106
3438,114.58,2,12.00,58.68,43.85,No,0.263
3440,114.64,2,12.00,58.27,43.86,No,0.244
3442,114.71,2,12.00,50.71,43.68,No,0.143
3444,114.78,2,12.00,51.75,44.02,No,0.161
3446,114.84,2,12.00,59.51,43.96,No,0.225
3448,114.91,2,12.00,57.30,43.83,No,0.161
3450,114.98,3,18.00,45.86,44.07,No,0.219
3452,115.04,1,6.00,46.00,0.00,Sí,0.166
3454,115.11,2,12.00,57.18,1.26,No,0.196
3456,115.17,0,0.00,46.93,0.00,No,0.244
3458,115.24,0,0.00,41.08,0.00,No,0.162
3460,115.31,0,0.00,40.30,0.00,No,0.103
3462,115.37,2,12.00,57.71,43.07,No,0.227
3464,115.44,2,12.00,57.66,43.48,No,0.249
3466,115.51,2,12.00,46.82,43.53,No,0.193
3468,115.57,3,18.00,58.04,43.26,No,0.162
3470,115.64,2,12.00,52.83,0.16,No,0.228
3472,115.71,1,6.00,55.45,0.00,No,0.290
3474,115.77,2,12.00,48.00,43.22,No,0.157
3476,115.84,0,0.00,40.08,0.00,No,0.213
3478,115.91,0,0.00,48.07,0.00,No,0.266
3480,115.97,0,0.00,49.77,0.00,No,0.270
3482,116.04,0,0.00,47.10,0.00,No,0.140
3484,116.11,0,0.00,57.37,0.00,No,0.228
3486,116.17,0,0.00,47.94,0.00,No,0.276
3488,116.24,2,12.00,47.45,45.34,No,0.275
3490,116.31,1,6.00,47.20,0.00,No,0.140
3492,116.37,2,12.00,46.19,44.82,No,0.246
3494,116.44,2,12.00,50.23,44.41,No,0.266
3496,116.51,2,12.00,41.15,6.98,No,0.202
3498,116.57,2,12.00,59.38,5.87,No,0.169
3500,116.64,4,24.00,43.56,49.34,No,0.190
3502,116.71,4,24.00,50.24,48.04,No,0.136
3504,116.77,0,0.00,56.08,0.00,No,0.113
3506,116.84,3,18.00,43.46,45.15,No,0.113
3508,116.91,3,18.00,43.03,45.02,No,0.207
3510,116.97,3,18.00,57.74,44.64,No,0.158
3512,117.04,3,18.00,52.73,44.70,Sí,0.145
3514,117.11,3,18.00,45.01,44.74,No,0.189
3516,117.17,3,18.00,54.49,44.65,No,0.189
3518,117.24,4,24.00,44.42,44.93,No,0.189
3520,117.31,4,24.00,53.58,44.46,No,0.179
3522,117.37,4,24.00,46.10,44.22,No,0.147
3524,117.44,4,24.00,58.93,50.29,No,0.104
3526,117.51,1,6.00,51.80,0.00,No,0.106
3528,117.57,4,24.00,58.27,44.33,No,0.238
3530,117.64,2,12.00,40.79,1.01,No,0.219
3532,117.71,5,30.00,30.50,53.65,No,0.461
3534,117.77,3,18.00,41.85,44.90,No,0.256
3536,117.84,4,24.00,59.42,44.73,No,0.149
3538,117.91,3,18.00,49.52,43.80,No,0.148
3540,117.97,2,12.00,46.67,11.81,No,0.232
3542,118.04,3,18.00,42.46,44.01,No,0.252
3544,118.11,4,24.00,51.52,77.73,No,0.116
3546,118.17,2,12.00,41.02,28.33,No,0.277
3548,118.24,1,6.00,41.86,0.00,Sí,0.200
3550,118.31,1,6.00,44.25,0.00,No,0.270
3552,118.37,0,0.00,55.40,0.00,No,0.103
3554,118.44,0,0.00,56.24,0.00,No,0.227
3556,118.51,1,6.00,42.94,0.00,No,0.268
3558,118.57,0,0.00,40.10,0.00,No,0.217
3560,118.64,1,6.00,58.76,0.00,No,0.106
3562,118.71,1,6.00,48.82,0.00,No,0.217
3564,118.77,2,12.00,52.71,43.64,Sí,0.164
3566,118.84,2,12.00,41.76,43.99,No,0.281
3568,118.91,2,12.00,48.04,44.04,No,0.156
3570,118.97,1,6.00,56.39,0.00,No,0.249
3572,119.04,1,6.00,43.73,0.00,No,0.268
3574,119.11,0,0.00,55.57,0.00,No,0.286
3576,119.17,1,6.00,49.81,0.00,No,0.295
3578,119.24,1,6.00,56.55,0.00,No,0.238
3580,119.31,2,12.00,42.62,44.47,No,0.238
3582,119.37,2,12.00,44.22,45.17,No,0.131
3584,119.44,3,18.00,59.22,45.01,No,0.133
3586,119.51,2,12.00,44.85,45.10,No,0.249
3588,119.57,1,6.00,50.44,0.00,No,0.217
3590,119.64,1,6.00,59.88,0.00,Sí,0.238
3592,119.71,2,12.00,50.13,44.62,No,0.275
3594,119.77,2,12.00,43.41,44.43,No,0.275
3596,119.84,1,6.00,41.28,0.00,No,0.239
3598,119.91,0,0.00,42.59,0.00,No,0.203
3600,119.97,0,0.00,49.51,0.00,No,0.156
3602,120.04,2,12.00,40.65,44.69,No,0.155
3604,120.11,3,18.00,54.76,44.95,No,0.261
3606,120.17,2,12.00,40.22,44.39,No,0.242
3608,120.24,2,12.00,50.10,44.23,No,0.265
3610,120.31,1,6.00,50.11,0.00,Sí,0.154
3612,120.37,3,18.00,53.71,44.96,No,0.224
3614,120.44,3,18.00,57.25,45.16,No,0.217
3616,120.51,2,12.00,46.85,18.17,No,0.262
3618,120.57,4,24.00,44.74,45.10,No,0.137
3620,120.64,2,12.00,42.08,28.85,No,0.163
3622,120.71,1,6.00,58.73,0.00,No,0.157
3624,120.77,2,12.00,51.93,44.83,Sí,0.137
3626,120.84,2,12.00,42.38,44.98,No,0.203
3628,120.91,1,6.00,41.85,0.00,No,0.272
3630,120.97,2,12.00,56.68,44.29,No,0.164
3632,121.04,2,12.00,53.68,45.03,No,0.107
3634,121.11,1,6.00,45.71,0.00,No,0.118
3636,121.17,1,6.00,55.39,0.00,No,0.120
3638,121.24,3,18.00,45.90,74.79,No,0.265
3640,121.31,1,6.00,52.90,0.00,No,0.150
3642,121.37,2,12.00,44.96,44.85,No,0.212
3644,121.44,2,12.00,53.94,44.80,No,0.227
3646,121.51,2,12.00,45.49,44.71,No,0.116
3648,121.57,2,12.00,58.03,44.22,No,0.217
3650,121.64,2,12.00,53.77,45.01,No,0.246
3652,121.71,1,6.00,43.54,0.00,No,0.237
3654,121.77,1,6.00,52.56,0.00,No,0.147
3656,121.84,2,12.00,51.87,44.75,No,0.288
3658,121.91,1,6.00,54.04,0.00,No,0.292
3660,121.97,2,12.00,40.92,45.27,No,0.257
3662,122.04,2,12.00,59.21,45.27,No,0.159
3664,122.11,2,12.00,52.39,6.17,No,0.131
3666,122.17,1,6.00,56.29,0.00,No,0.176
3668,122.24,2,12.00,52.14,2.87,No,0.200
3670,122.31,2,12.00,50.62,0.50,No,0.280
3672,122.37,0,0.00,50.24,0.00,Sí,0.104
3674,122.44,1,6.00,52.13,0.00,No,0.248
3676,122.51,1,6.00,49.95,0.00,No,0.209
3678,122.57,2,12.00,44.97,9.56,No,0.241
3680,122.64,2,12.00,49.63,12.49,No,0.243
3682,122.71,4,24.00,45.97,46.30,No,0.269
3684,122.77,2,12.00,49.72,46.35,No,0.102
3686,122.84,2,12.00,55.40,46.61,No,0.199
3688,122.91,1,6.00,49.98,0.00,No,0.281
3690,122.97,0,0.00,45.75,0.00,No,0.193
3692,123.04,0,0.00,55.15,0.00,No,0.235
3694,123.11,0,0.00,58.03,0.00,No,0.139
3696,123.17,2,12.00,45.63,46.13,No,0.150
3698,123.24,2,12.00,58.96,46.03,No,0.160
3700,123.31,1,6.00,43.70,0.00,No,0.295
3702,123.37,1,6.00,50.13,0.00,No,0.188
3704,123.44,3,18.00,45.14,44.87,No,0.247
3706,123.51,0,0.00,58.01,0.00,No,0.255
3708,123.57,3,18.00,45.28,51.30,No,0.138
3710,123.64,1,6.00,46.35,0.00,No,0.194
3712,123.71,3,18.00,45.77,49.95,No,0.226
3714,123.77,1,6.00,46.02,0.00,No,0.280
3716,123.84,2,12.00,49.30,4.86,No,0.274
3718,123.91,1,6.00,52.23,0.00,No,0.279
3720,123.97,1,6.00,53.47,0.00,No,0.276
3722,124.04,2,12.00,42.08,44.77,No,0.124
3724,124.11,3,18.00,54.76,47.65,No,0.257
3726,124.17,3,18.00,57.65,46.50,No,0.154
3728,124.24,3,18.00,57.66,45.04,No,0.115
3730,124.31,3,18.00,45.75,44.56,No,0.140
3732,124.37,4,24.00,57.47,44.36,No,0.285
3734,124.44,3,18.00,56.54,44.26,No,0.231
3736,124.51,3,18.00,51.70,43.75,No,0.153
3738,124.57,3,18.00,48.58,43.88,Sí,0.132
3740,124.64,3,18.00,53.11,43.34,No,0.256
3742,124.71,3,18.00,46.90,43.79,No,0.160
3744,124.77,3,18.00,43.83,43.82,No,0.204
3746,124.84,3,18.00,58.93,44.05,No,0.149
3748,124.91,3,18.00,43.61,44.42,No,0.229
3750,124.97,4,24.00,40.81,50.73,No,0.120
3752,125.04,4,24.00,56.15,48.93,No,0.202
3754,125.11,4,24.00,47.44,47.32,No,0.257
3756,125.17,4,24.00,59.03,44.76,No,0.125
3758,125.24,4,24.00,43.18,44.05,No,0.110
3760,125.31,3,18.00,41.87,43.94,No,0.215
3762,125.37,4,24.00,59.59,44.07,No,0.227
3764,125.44,4,24.00,40.10,43.12,No,0.191
3766,125.51,3,18.00,46.13,44.09,No,0.139
3768,125.57,2,12.00,43.61,14.71,No,0.241
3770,125.64,4,24.00,41.56,44.23,No,0.127
3772,125.71,4,24.00,56.26,43.87,No,0.202
3774,125.77,4,24.00,55.47,43.96,No,0.285
3776,125.84,1,6.00,48.88,0.00,No,0.178
3778,125.91,2,12.00,44.17,44.47,No,0.259
3780,125.97,2,12.00,58.38,44.42,No,0.140
3782,126.04,2,12.00,55.14,43.99,No,0.150
3784,126.11,3,18.00,50.59,56.41,No,0.294
3786,126.17,3,18.00,41.31,57.83,No,0.295
3788,126.24,3,18.00,50.92,59.63,Sí,0.236
3790,126.31,3,18.00,48.25,60.75,No,0.199
3792,126.37,3,18.00,51.37,62.77,No,0.187
3794,126.44,2,12.00,53.01,44.65,No,0.218
3796,126.51,2,12.00,59.11,44.58,No,0.225
3798,126.57,4,24.00,53.96,67.56,No,0.298
3800,126.64,2,12.00,44.92,44.58,No,0.204
3802,126.71,2,12.00,51.23,43.99,No,0.296
3804,126.77,2,12.00,40.87,44.01,No,0.181
3806,126.84,2,12.00,48.34,43.69,No,0.101
3808,126.91,3,18.00,59.74,74.75,No,0.196
3810,126.97,3,18.00,40.81,77.22,No,0.242
3812,127.04,2,12.00,40.99,44.30,No,0.189
3814,127.11,2,12.00,55.22,44.46,No,0.132
3816,127.17,2,12.00,42.66,44.21,No,0.102
3818,127.24,2,12.00,59.01,44.24,No,0.134
3820,127.31,2,12.00,55.49,44.14,No,0.180
3822,127.37,2,12.00,57.59,43.86,No,0.165
3824,127.44,2,12.00,49.62,42.88,No,0.119
3826,127.51,3,18.00,43.62,43.32,No,0.209
3828,127.57,4,24.00,51.99,43.40,No,0.238
3830,127.64,3,18.00,51.28,43.24,No,0.299
3832,127.71,2,12.00,43.39,44.18,No,0.257
3834,127.77,4,24.00,44.00,44.09,No,0.123
3836,127.84,3,18.00,46.98,43.58,No,0.108
3838,127.91,4,24.00,56.35,43.83,No,0.221
3840,127.97,3,18.00,45.07,43.93,No,0.148
3842,128.04,4,24.00,49.38,43.79,No,0.259
3844,128.11,4,24.00,49.71,43.89,No,0.208
3846,128.17,4,24.00,56.48,43.57,No,0.159
3848,128.24,3,18.00,46.29,43.51,No,0.107
3850,128.31,2,12.00,56.54,43.27,No,0.159
3852,128.37,3,18.00,51.71,43.00,No,0.259
3854,128.44,2,12.00,46.63,43.32,No,0.157
3856,128.51,3,18.00,54.35,43.61,No,0.185
3858,128.57,2,12.00,47.40,43.47,No,0.265
3860,128.64,2,12.00,50.65,43.08,No,0.294
3862,128.71,3,18.00,44.12,43.70,No,0.285
3864,128.77,3,18.00,47.65,43.67,Sí,0.160
3866,128.84,4,24.00,57.27,49.00,No,0.132
3868,128.91,4,24.00,58.31,47.28,No,0.136
3870,128.97,3,18.00,42.68,45.80,No,0.111
3872,129.04,3,18.00,55.33,43.64,No,0.109
3874,129.11,4,24.00,48.09,43.41,No,0.166
3876,129.17,5,30.00,39.30,43.22,No,0.462
3878,129.24,4,24.00,52.28,44.01,No,0.288
3880,129.31,4,24.00,54.02,43.14,No,0.156
3882,129.37,3,18.00,52.60,43.31,No,0.143
3884,129.44,3,18.00,57.78,43.75,No,0.130
3886,129.51,2,12.00,51.14,43.27,No,0.182
3888,129.57,5,30.00,33.69,43.60,No,0.568
3890,129.64,4,24.00,54.21,43.82,No,0.264
3892,129.71,2,12.00,46.89,43.48,No,0.224
3894,129.77,3,18.00,57.54,43.72,No,0.185
3896,129.84,3,18.00,50.39,43.76,No,0.264
3898,129.91,4,24.00,54.03,43.95,No,0.142
3900,129.97,2,12.00,56.63,43.28,No,0.267
3902,130.04,3,18.00,46.92,44.05,No,0.288
3904,130.11,3,18.00,53.37,44.04,No,0.151
3906,130.17,2,12.00,42.23,43.55,No,0.201
3908,130.24,2,12.00,43.07,44.12,No,0.167
3910,130.31,4,24.00,55.28,44.02,No,0.131
3912,130.37,3,18.00,49.14,44.26,Sí,0.121
3914,130.44,3,18.00,51.27,43.81,No,0.289
3916,130.50,2,12.00,50.78,43.96,No,0.221
3918,130.57,3,18.00,50.40,43.87,No,0.179
3920,130.64,2,12.00,50.92,44.22,No,0.211
3922,130.70,2,12.00,46.11,44.13,No,0.173
3924,130.77,2,12.00,40.31,44.38,No,0.257
3926,130.84,3,18.00,48.11,44.46,No,0.186
3928,130.90,2,12.00,55.24,43.63,No,0.116
3930,130.97,3,18.00,42.41,43.63,No,0.271
3932,131.04,3,18.00,52.70,44.17,No,0.125
